id,word,pos,zh,theme,emoji,spell,level,tier,alt
1,zero,num.,零,numbers,0️⃣,True,1,1,
2,one,num.,一,numbers,1️⃣,True,1,1,
3,two,num.,二,numbers,2️⃣,True,1,1,
4,three,num.,三,numbers,3️⃣,True,1,1,
5,four,num.,四,numbers,4️⃣,True,1,1,
6,five,num.,五,numbers,5️⃣,True,1,1,
7,six,num.,六,numbers,6️⃣,True,1,1,
8,seven,num.,七,numbers,7️⃣,True,1,1,
9,eight,num.,八,numbers,8️⃣,True,1,1,
10,nine,num.,九,numbers,9️⃣,True,1,1,
11,ten,num.,十,numbers,🔟,True,1,1,
12,eleven,num.,十一,numbers,🔢,True,2,1,
13,twelve,num.,十二,numbers,🔢,True,2,1,
14,thirteen,num.,十三,numbers,🔢,False,3,1,
15,fourteen,num.,十四,numbers,🔢,False,3,1,
16,fifteen,num.,十五,numbers,🔢,False,3,1,
17,sixteen,num.,十六,numbers,🔢,False,3,1,
18,seventeen,num.,十七,numbers,🔢,False,3,1,
19,eighteen,num.,十八,numbers,🔢,False,3,1,
20,nineteen,num.,十九,numbers,🔢,False,3,1,
21,twenty,num.,二十,numbers,🔢,False,3,1,
22,red,adj.,紅色的,colors,🔴,True,1,1,
23,blue,adj.,藍色的,colors,🔵,True,1,1,
24,yellow,adj.,黃色的,colors,🟡,True,2,1,
25,green,adj.,綠色的,colors,🟢,True,1,1,
26,black,adj.,黑色的,colors,⚫,True,1,1,
27,white,adj.,白色的,colors,⚪,True,2,1,
28,orange,adj.,橘色的,colors,🟠,True,2,1,
29,purple,adj.,紫色的,colors,🟣,True,2,1,
30,brown,adj.,咖啡色的,colors,🟤,True,1,1,
31,pink,adj.,粉紅色的,colors,🌸,True,1,1,
32,animal,n.,動物,animals,🐾,False,2,1,
33,dog,n.,狗,animals,🐶,True,1,1,
34,cat,n.,貓,animals,🐱,True,1,1,
35,bird,n.,鳥,animals,🐦,True,1,1,
36,fish,n.,魚,animals,🐟,True,1,1,
37,pig,n.,豬,animals,🐷,True,1,1,
38,cow,n.,牛,animals,🐮,True,1,1,
39,horse,n.,馬,animals,🐴,True,1,1,
40,sheep,n.,綿羊,animals,🐑,False,2,1,
41,duck,n.,鴨子,animals,🦆,True,1,1,
42,chicken,n.,雞,animals,🐔,False,3,1,
43,rabbit,n.,兔子,animals,🐰,False,2,1,
44,mouse,n.,老鼠,animals,🐭,False,2,1,
45,bear,n.,熊,animals,🐻,True,1,1,
46,lion,n.,獅子,animals,🦁,True,1,1,
47,tiger,n.,老虎,animals,🐯,False,2,1,
48,elephant,n.,大象,animals,🐘,False,3,1,
49,monkey,n.,猴子,animals,🐵,False,2,1,
50,frog,n.,青蛙,animals,🐸,True,1,1,
51,snake,n.,蛇,animals,🐍,False,2,1,
52,turtle,n.,烏龜,animals,🐢,False,3,1,
53,bee,n.,蜜蜂,animals,🐝,True,1,1,
54,ant,n.,螞蟻,animals,🐜,True,1,1,
55,butterfly,n.,蝴蝶,animals,🦋,False,3,1,
56,body,n.,身體,body,🧍,True,1,1,
57,head,n.,頭,body,🙂,True,1,1,
58,face,n.,臉,body,😀,True,1,1,
59,hair,n.,頭髮,body,💇,True,1,1,
60,eye,n.,眼睛,body,👁️,True,1,1,
61,ear,n.,耳朵,body,👂,True,1,1,
62,nose,n.,鼻子,body,👃,False,2,1,
63,mouth,n.,嘴巴,body,👄,False,2,1,
64,tooth,n.,牙齒,body,🦷,False,2,1,
65,hand,n.,手,body,✋,True,1,1,
66,arm,n.,手臂,body,💪,True,1,1,
67,finger,n.,手指,body,👆,False,2,1,
68,leg,n.,腿,body,🦵,True,1,1,
69,foot,n.,腳,body,🦶,True,1,1,
70,knee,n.,膝蓋,body,🦵,True,1,1,
71,family,n.,家庭,family,👨‍👩‍👧,True,2,1,
72,father,n.,爸爸,family,👨,True,2,1,
73,mother,n.,媽媽,family,👩,True,2,1,
74,brother,n.,兄弟,family,👦,True,2,1,
75,sister,n.,姊妹,family,👧,True,2,1,
76,grandfather,n.,祖父,family,👴,False,3,1,
77,grandmother,n.,祖母,family,👵,False,3,1,
78,son,n.,兒子,family,👦,True,1,1,
79,daughter,n.,女兒,family,👧,False,3,1,
80,uncle,n.,叔叔；舅舅,family,🧔,True,2,1,
81,aunt,n.,阿姨；姑姑,family,👩,True,1,1,
82,food,n.,食物,food,🍽️,True,1,1,
83,fruit,n.,水果,food,🍇,True,1,1,
84,apple,n.,蘋果,food,🍎,True,1,1,
85,banana,n.,香蕉,food,🍌,False,2,1,
86,grape,n.,葡萄,food,🍇,True,1,1,
87,strawberry,n.,草莓,food,🍓,False,3,1,
88,watermelon,n.,西瓜,food,🍉,False,3,1,
89,tomato,n.,番茄,food,🍅,False,2,1,
90,vegetable,n.,蔬菜,food,🥬,False,3,1,
91,rice,n.,米飯,food,🍚,True,1,1,
92,bread,n.,麵包,food,🍞,True,1,1,
93,noodle,n.,麵條,food,🍜,False,2,1,
94,egg,n.,蛋,food,🥚,True,1,1,
95,soup,n.,湯,food,🍲,True,1,1,
96,pizza,n.,披薩,food,🍕,False,2,1,
97,hamburger,n.,漢堡,food,🍔,False,3,1,
98,cake,n.,蛋糕,food,🍰,True,1,1,
99,candy,n.,糖果,food,🍬,True,1,1,
100,cookie,n.,餅乾,food,🍪,False,2,1,
101,chocolate,n.,巧克力,food,🍫,False,3,1,
102,ice cream,n.,冰淇淋,food,🍦,False,3,1,
103,milk,n.,牛奶,food,🥛,True,1,1,
104,water,n.,水,food,💧,False,2,1,
105,juice,n.,果汁,food,🧃,True,1,1,
106,tea,n.,茶,food,🍵,True,1,1,
107,breakfast,n.,早餐,food,🌅,False,3,1,
108,lunch,n.,午餐,food,🍱,True,1,1,
109,dinner,n.,晚餐,food,🍽️,False,2,1,
110,bowl,n.,碗,tableware,🥣,True,1,1,
111,cup,n.,杯子,tableware,🥤,True,1,1,
112,plate,n.,盤子,tableware,🍽️,True,1,1,
113,spoon,n.,湯匙,tableware,🥄,False,2,1,
114,fork,n.,叉子,tableware,🍴,True,1,1,
115,chopsticks,n.,筷子,tableware,🥢,False,3,1,
116,school,n.,學校,school,🏫,False,2,1,
117,classroom,n.,教室,school,🪑,False,3,1,
118,library,n.,圖書館,school,📚,False,3,1,
119,playground,n.,操場,school,🛝,False,3,1,
120,teacher,n.,老師,school,👩‍🏫,False,3,1,
121,student,n.,學生,school,🧑‍🎓,False,3,1,
122,classmate,n.,同學,school,👫,False,3,1,
123,friend,n.,朋友,school,🧑‍🤝‍🧑,True,2,1,
124,book,n.,書,school,📖,True,1,1,
125,pen,n.,原子筆,school,🖊️,True,1,1,
126,pencil,n.,鉛筆,school,✏️,False,2,1,
127,eraser,n.,橡皮擦,school,🧽,True,2,1,
128,ruler,n.,尺,school,📏,True,1,1,
129,bag,n.,書包,school,🎒,True,1,1,
130,desk,n.,書桌,school,🪑,True,1,1,
131,homework,n.,家庭作業,school,📝,False,3,1,
132,test,n.,測驗,school,📋,True,1,1,
133,English,n.,英文,school,🔤,False,3,1,
134,math,n.,數學,school,➗,True,1,1,
135,music,n.,音樂,school,🎵,True,1,1,
136,art,n.,美術,school,🎨,True,1,1,
137,science,n.,自然科學,school,🔬,False,3,1,
138,Monday,n.,星期一,time,📅,True,3,1,
139,Tuesday,n.,星期二,time,📅,False,3,1,
140,Wednesday,n.,星期三,time,📅,False,3,1,
141,Thursday,n.,星期四,time,📅,False,3,1,
142,Friday,n.,星期五,time,📅,True,3,1,
143,Saturday,n.,星期六,time,📅,False,3,1,
144,Sunday,n.,星期日,time,📅,False,3,1,
145,January,n.,一月,time,🗓️,False,3,1,
146,February,n.,二月,time,🗓️,False,3,1,
147,March,n.,三月,time,🗓️,True,2,1,
148,April,n.,四月,time,🗓️,True,2,1,
149,May,n.,五月,time,🗓️,True,2,1,
150,June,n.,六月,time,🗓️,True,2,1,
151,July,n.,七月,time,🗓️,True,2,1,
152,August,n.,八月,time,🗓️,True,3,1,
153,September,n.,九月,time,🗓️,False,3,1,
154,October,n.,十月,time,🗓️,False,3,1,
155,November,n.,十一月,time,🗓️,False,3,1,
156,December,n.,十二月,time,🗓️,False,3,1,
157,spring,n.,春天,time,🌸,False,3,1,
158,summer,n.,夏天,time,☀️,False,3,1,
159,autumn,n.,秋天,time,🍁,True,3,1,
160,winter,n.,冬天,time,❄️,False,3,1,
161,morning,n.,早上,time,🌅,False,3,1,
162,afternoon,n.,下午,time,🌇,False,3,1,
163,night,n.,晚上,time,🌙,True,2,1,
164,clothes,n.,衣服,clothing,👕,False,3,1,
165,shirt,n.,襯衫,clothing,👔,True,1,1,
166,T-shirt,n.,T恤,clothing,👕,False,3,1,
167,coat,n.,外套,clothing,🧥,True,1,1,
168,jacket,n.,夾克,clothing,🧥,False,2,1,
169,dress,n.,洋裝,clothing,👗,True,1,1,
170,skirt,n.,裙子,clothing,👗,True,1,1,
171,pants,n.,長褲,clothing,👖,True,1,1,
172,shorts,n.,短褲,clothing,🩳,False,2,1,
173,socks,n.,襪子,clothing,🧦,False,2,1,
174,shoes,n.,鞋子,clothing,👟,True,1,1,
175,hat,n.,帽子,clothing,👒,True,1,1,
176,cap,n.,鴨舌帽,clothing,🧢,True,1,1,
177,umbrella,n.,雨傘,clothing,☂️,False,3,1,
178,weather,n.,天氣,weather,🌤️,False,3,1,
179,sunny,adj.,晴朗的,weather,☀️,False,3,1,
180,rainy,adj.,下雨的,weather,🌧️,False,3,1,
181,cloudy,adj.,多雲的,weather,☁️,False,3,1,
182,windy,adj.,有風的,weather,💨,False,3,1,
183,hot,adj.,熱的,weather,🥵,True,2,1,
184,cold,adj.,冷的,weather,🥶,True,2,1,
185,warm,adj.,溫暖的,weather,🌡️,True,2,1,
186,rain,n.,雨,weather,🌧️,True,2,1,
187,snow,n.,雪,weather,❄️,True,2,1,
188,wind,n.,風,weather,💨,True,2,1,
189,cloud,n.,雲,weather,☁️,False,3,1,
190,sun,n.,太陽,weather,☀️,True,2,1,
191,moon,n.,月亮,weather,🌙,True,2,1,
192,star,n.,星星,weather,⭐,True,2,1,
193,rainbow,n.,彩虹,weather,🌈,False,3,1,
194,bus,n.,公車,transportation,🚌,True,1,1,
195,car,n.,汽車,transportation,🚗,True,1,1,
196,train,n.,火車,transportation,🚆,True,2,1,
197,taxi,n.,計程車,transportation,🚕,True,1,1,
198,bicycle,n.,腳踏車,transportation,🚲,False,3,1,
199,motorcycle,n.,機車,transportation,🏍️,False,3,1,
200,airplane,n.,飛機,transportation,✈️,False,3,1,
201,boat,n.,小船,transportation,🛶,True,1,1,
202,truck,n.,卡車,transportation,🚚,True,2,1,
203,station,n.,車站,transportation,🚉,False,3,1,
204,airport,n.,機場,transportation,🛫,False,3,1,
205,home,n.,家,places,🏠,True,1,1,
206,park,n.,公園,places,🏞️,True,1,1,
207,zoo,n.,動物園,places,🦓,True,1,1,
208,store,n.,商店,places,🏪,False,2,1,
209,market,n.,市場,places,🏬,False,2,1,
210,supermarket,n.,超級市場,places,🛒,False,3,1,
211,bank,n.,銀行,places,🏦,True,1,1,
212,hospital,n.,醫院,places,🏥,False,3,1,
213,restaurant,n.,餐廳,places,🍴,False,3,1,
214,post office,n.,郵局,places,📮,False,3,1,
215,bookstore,n.,書店,places,📚,False,3,1,
216,beach,n.,海灘,places,🏖️,True,1,1,
217,farm,n.,農場,places,🚜,True,1,1,
218,city,n.,城市,places,🏙️,True,1,1,
219,house,n.,房子,house,🏡,True,1,1,
220,door,n.,門,house,🚪,True,1,1,
221,window,n.,窗戶,house,🪟,False,3,1,
222,room,n.,房間,house,🛋️,True,1,1,
223,bedroom,n.,臥室,house,🛏️,False,3,1,
224,bathroom,n.,浴室,house,🛁,False,3,1,
225,kitchen,n.,廚房,house,🍳,False,3,1,
226,bed,n.,床,house,🛏️,True,1,1,
227,chair,n.,椅子,house,🪑,True,1,1,
228,table,n.,桌子,house,🪑,True,1,1,
229,key,n.,鑰匙,house,🔑,True,1,1,
230,baseball,n.,棒球,sports,⚾,False,3,1,
231,basketball,n.,籃球,sports,🏀,False,3,1,
232,soccer,n.,足球,sports,⚽,True,2,1,
233,badminton,n.,羽毛球,sports,🏸,False,3,1,
234,swim,n.,游泳,sports,🏊,True,1,1,
235,run,n.,跑步,sports,🏃,True,1,1,
236,game,n.,遊戲；比賽,sports,🎮,True,1,1,
237,dance,n.,跳舞,sports,💃,True,1,1,
238,doctor,n.,醫生,jobs,👨‍⚕️,True,3,1,
239,nurse,n.,護理師,jobs,👩‍⚕️,True,2,1,
240,farmer,n.,農夫,jobs,👨‍🌾,False,3,1,
241,cook,n.,廚師,jobs,👨‍🍳,True,2,1,
242,driver,n.,司機,jobs,🚗,False,3,1,
243,police,n.,警察,jobs,👮,False,3,1,
244,singer,n.,歌手,jobs,🎤,False,3,1,
245,worker,n.,工人,jobs,👷,False,3,1,
246,clerk,n.,店員,jobs,🧑‍💼,True,2,1,
247,happy,adj.,快樂的,feelings,😄,True,2,1,
248,sad,adj.,難過的,feelings,😢,True,2,1,
249,angry,adj.,生氣的,feelings,😠,True,2,1,
250,afraid,adj.,害怕的,feelings,😨,False,3,1,
251,tired,adj.,疲倦的,feelings,😴,True,2,1,
252,excited,adj.,興奮的,feelings,🤩,False,3,1,
253,bored,adj.,無聊的,feelings,😑,True,2,1,
254,hungry,adj.,飢餓的,feelings,🍽️,False,3,1,
255,thirsty,adj.,口渴的,feelings,🥤,False,3,1,
256,sick,adj.,生病的,feelings,🤒,True,2,1,
257,kind,adj.,親切的,feelings,🤗,True,2,1,
258,eat,v.,吃,verbs,🍽️,True,2,1,
259,drink,v.,喝,verbs,🥤,False,3,1,
260,sleep,v.,睡覺,verbs,😴,False,3,1,
261,walk,v.,走路,verbs,🚶,True,2,1,
262,jump,v.,跳,verbs,🤸,True,2,1,
263,sing,v.,唱歌,verbs,🎤,True,2,1,
264,read,v.,閱讀,verbs,📖,True,2,1,
265,write,v.,寫,verbs,✍️,False,3,1,
266,draw,v.,畫,verbs,🎨,True,2,1,
267,play,v.,玩,verbs,🎮,True,2,1,
268,go,v.,去,verbs,➡️,True,2,1,
269,come,v.,來,verbs,⬅️,True,2,1,
270,look,v.,看,verbs,👀,True,2,1,
271,listen,v.,聽,verbs,👂,False,3,1,
272,speak,v.,說,verbs,🗣️,False,3,1,
273,learn,v.,學習,verbs,🧠,False,3,1,
274,teach,v.,教,verbs,👩‍🏫,False,3,1,
275,help,v.,幫助,verbs,🤝,True,2,1,
276,open,v.,打開,verbs,🔓,True,2,1,
277,close,v.,關上,verbs,🔒,True,2,1,
278,buy,v.,買,verbs,🛍️,True,2,1,
279,give,v.,給,verbs,🎁,True,2,1,
280,make,v.,製作,verbs,🔨,True,2,1,
281,like,v.,喜歡,verbs,👍,True,2,1,
282,love,v.,愛,verbs,❤️,True,2,1,
283,big,adj.,大的,adjectives,🐘,True,2,1,
284,small,adj.,小的,adjectives,🐜,False,3,1,
285,long,adj.,長的,adjectives,📏,True,2,1,
286,short,adj.,短的；矮的,adjectives,📐,False,3,1,
287,tall,adj.,高的,adjectives,🦒,True,2,1,
288,new,adj.,新的,adjectives,✨,True,2,1,
289,old,adj.,舊的；老的,adjectives,👴,True,2,1,
290,good,adj.,好的,adjectives,👍,True,2,1,
291,bad,adj.,壞的,adjectives,👎,True,2,1,
292,fast,adj.,快的,adjectives,⚡,True,2,1,
293,slow,adj.,慢的,adjectives,🐌,True,2,1,
294,beautiful,adj.,美麗的,adjectives,🌺,False,3,1,
295,what,pron.,什麼,wh-words,❓,True,2,1,
296,who,pron.,誰,wh-words,❓,True,2,1,
297,where,pron.,哪裡,wh-words,📍,True,3,1,
298,when,pron.,什麼時候,wh-words,🕐,True,2,1,
299,why,pron.,為什麼,wh-words,❓,True,2,1,
300,how,pron.,如何,wh-words,❓,True,2,1,
301,a/an,art.,一個,pronouns,,False,2,2,
302,a few,adj.,一些,numbers,,False,2,2,
303,a little,adj.,一點點,numbers,,False,3,2,
304,a lot,adv.,很多,numbers,,False,2,2,
305,a.m,adv.,上午,time,,False,2,2,
306,able,adj.,能夠的,adjectives,,True,2,2,
307,about,prep.,關於,prepositions,,False,2,2,
308,above,prep.,在…上方,prepositions,,False,2,2,
309,abroad,adv.,在國外,adverbs,,False,3,2,
310,across,prep.,穿越,prepositions,,False,3,2,
311,act,v.,表演,verbs,,True,2,2,
312,action,n.,行動,nouns,,False,3,2,
313,actor,n.,男演員,jobs,,True,2,2,
314,actress,n.,女演員,jobs,,False,3,2,
315,actually,adv.,事實上,adverbs,,False,3,2,
316,after,prep.,在…之後,prepositions,,False,2,2,
317,again,adv.,再一次,adverbs,🔁,True,2,2,
318,age,n.,年齡,nouns,,True,2,2,
319,ago,adv.,以前,time,,True,2,2,
320,agree,v.,同意,verbs,,True,2,2,
321,ahead,adv.,在前面,adverbs,,False,2,2,
322,air,n.,空氣,weather,,True,2,2,
323,all,adj.,全部的,numbers,,True,2,2,
324,allow,v.,允許,verbs,,True,2,2,
325,almost,adv.,幾乎,adverbs,,False,3,2,
326,along,prep.,沿著,prepositions,,False,2,2,
327,already,adv.,已經,time,,False,3,2,
328,also,adv.,也,adverbs,,False,2,2,
329,always,adv.,總是,adverbs,,False,3,2,
330,America,n.,美國,countries,🇺🇸,False,3,2,
331,American,n.,美國人,nouns,,False,3,2,
332,and,conj.,和,conjunctions,,False,2,2,
333,angle,n.,角度,sizes,📐,False,2,2,
334,another,pron.,另一個,pronouns,,False,3,2,
335,answer,n.,答案,school,,False,3,2,
336,any,pron.,任何,numbers,,False,2,2,
337,anyone,pron.,任何人,pronouns,,False,3,2,anybody
338,anything,pron.,任何事,pronouns,,False,3,2,
339,apartment,n.,公寓,house,🏢,False,3,2,
340,appear,v.,出現,verbs,,False,3,2,
341,area,n.,地區,geography,,True,2,2,
342,around,prep.,在…周圍,prepositions,,False,3,2,
343,arrive,v.,到達,transportation,,False,3,2,
344,as,conj.,當…時,conjunctions,,False,2,2,
345,ask,v.,問,school,,True,2,2,
346,at,prep.,在,prepositions,,False,2,2,
347,attack,v.,攻擊,verbs,,False,3,2,
348,away,adv.,離開,adverbs,,True,2,2,
349,baby,n.,嬰兒,people,👶,True,2,2,
350,back,n.,背部,body,,True,2,2,
351,bake,v.,烘烤,food,,True,2,2,
352,bakery,n.,麵包店,places,🥐,False,3,2,
353,balcony,n.,陽台,house,,False,3,2,
354,band,n.,樂團,sports,,True,2,2,
355,basket,n.,籃子,house,🧺,False,3,2,
356,bat,n.,蝙蝠,animals,🦇,True,2,2,
357,bath,n.,洗澡,house,🛁,True,2,2,
358,be,aux.,是,auxiliaries,,False,2,2,"am, is, are, was, were, been"
359,bean,n.,豆子,food,🫘,True,2,2,
360,because,conj.,因為,conjunctions,,False,3,2,
361,become,v.,變成,verbs,,False,3,2,
362,beef,n.,牛肉,food,🥩,True,2,2,
363,before,prep.,在…之前,prepositions,,False,3,2,
364,begin,v.,開始,verbs,,True,2,2,
365,behind,prep.,在…後面,prepositions,,False,3,2,
366,believe,v.,相信,verbs,,False,3,2,
367,bell,n.,鈴,nouns,🔔,True,2,2,
368,belong,v.,屬於,verbs,,False,3,2,
369,below,prep.,在…下方,prepositions,,False,2,2,
370,belt,n.,皮帶,clothing,,True,2,2,
371,bench,n.,長椅,house,,True,2,2,
372,beside,prep.,在…旁邊,prepositions,,False,3,2,
373,between,prep.,在…之間,prepositions,,False,3,2,
374,birthday,n.,生日,nouns,🎂,False,3,2,
375,bite,v.,咬,animals,,True,2,2,
376,blackboard,n.,黑板,school,,False,3,2,
377,blank,n.,空白,nouns,,False,2,2,
378,blanket,n.,毯子,house,,False,3,2,
379,blind,adj.,瞎的,traits,,False,2,2,
380,block,n.,街區,transportation,,True,2,2,
381,blow,v.,吹,weather,🌬️,True,2,2,
382,boil,v.,煮沸,food,,True,2,2,
383,boring,adj.,無聊的,traits,,False,3,2,
384,born,adj.,出生的,family,,True,2,2,
385,borrow,v.,借入,money,,False,3,2,
386,boss,n.,老闆,jobs,,True,2,2,
387,both,pron.,兩者都,numbers,,False,2,2,
388,bottle,n.,瓶子,sizes,🍾,False,3,2,
389,bottom,n.,底部,nouns,,False,3,2,
390,bow,v.,鞠躬,verbs,🙇,True,2,2,
391,box,n.,盒子,nouns,📦,True,2,2,
392,boy,n.,男孩,people,👦,True,2,2,
393,brave,adj.,勇敢的,traits,,True,2,2,
394,break,v.,打破,verbs,,True,2,2,
395,bridge,n.,橋,transportation,🌉,False,3,2,
396,bright,adj.,明亮的,adjectives,,False,3,2,
397,bring,v.,帶來,verbs,,True,2,2,
398,brush,v.,刷,verbs,,True,2,2,
399,bug,n.,小蟲,animals,🐛,True,2,2,
400,build,v.,建造,house,🏗️,True,2,2,
401,bun,n.,小圓麵包,food,,True,2,2,
402,burn,v.,燒焦,food,,True,2,2,
403,business,n.,生意,jobs,,False,3,2,
404,businessman,n.,商人,jobs,,False,3,2,
405,busy,adj.,忙碌的,traits,,True,2,2,
406,but,conj.,但是,conjunctions,,False,2,2,
407,butter,n.,奶油,food,🧈,False,3,2,
408,button,n.,鈕扣,clothing,,False,3,2,
409,by,prep.,藉由,prepositions,,False,2,2,
410,call,v.,打電話,verbs,,True,2,2,
411,camera,n.,相機,house,📷,False,3,2,
412,camp,v.,露營,sports,🏕️,True,2,2,
413,can,aux.,能夠,auxiliaries,,False,2,2,
414,could,aux.,可以,auxiliaries,,False,2,2,
415,candle,n.,蠟燭,house,🕯️,False,3,2,
416,card,n.,卡片,sports,🃏,True,2,2,
417,care,v.,關心,verbs,,True,2,2,
418,careful,adj.,小心的,traits,,False,3,2,
419,carry,v.,攜帶,verbs,,True,2,2,
420,case,n.,情況,nouns,,True,2,2,
421,castle,n.,城堡,nouns,🏰,False,3,2,
422,catch,v.,接住,verbs,,True,2,2,
423,celebrate,v.,慶祝,holidays,🎉,False,3,2,
424,cellphone,n.,手機,nouns,📱,False,3,2,
425,cent,n.,分錢,money,,False,2,2,
426,center,n.,中心,nouns,,False,3,2,
427,centimeter,n.,公分,sizes,,False,3,2,
428,chalk,n.,粉筆,school,,True,2,2,
429,chance,n.,機會,nouns,,False,3,2,
430,change,n.,零錢,money,🪙,False,3,2,
431,cheap,adj.,便宜的,money,,True,2,2,
432,cheat,v.,作弊,verbs,,False,2,2,
433,check,v.,檢查,verbs,,True,2,2,
434,cheer,n.,歡呼,nouns,,True,2,2,
435,cheese,n.,起司,food,🧀,False,3,2,
436,child,n.,小孩,people,🧒,True,2,2,
437,China,n.,中國,countries,🇨🇳,False,2,2,
438,Chinese,n.,中文,school,,False,3,2,
439,choice,n.,選擇,nouns,,False,3,2,
440,choose,v.,挑選,verbs,,False,3,2,
441,Christmas,n.,聖誕節,holidays,🎄,False,3,2,
442,church,n.,教堂,places,⛪,False,3,2,
443,circle,n.,圓形,sizes,⭕,False,3,2,
444,clap,v.,拍手,verbs,👏,True,2,2,
445,class,n.,班級,school,,True,2,2,
446,clean,v.,打掃,house,🧹,True,2,2,
447,clear,adj.,晴朗的,weather,,True,2,2,
448,climb,v.,爬,sports,🧗,True,2,2,
449,clock,n.,時鐘,time,🕰️,True,2,2,
450,club,n.,社團,nouns,,True,2,2,
451,coffee,n.,咖啡,food,☕,False,3,2,
452,collect,v.,收集,verbs,,False,3,2,
453,color,n.,顏色,colors,🎨,True,2,2,
454,comb,n.,梳子,clothing,,False,2,2,
455,comfortable,adj.,舒服的,health,,False,3,2,
456,comic,n.,漫畫,sports,,True,2,2,
457,common,adj.,常見的,adjectives,,False,3,2,
458,computer,n.,電腦,house,💻,False,3,2,
459,convenient,adj.,方便的,adjectives,,False,3,2,
460,cool,adj.,酷的,traits,😎,True,2,2,
461,copy,v.,抄寫,verbs,,True,2,2,
462,corner,n.,角落,nouns,,False,3,2,
463,correct,v.,改正,verbs,,False,3,2,
464,cost,v.,花費,money,,True,2,2,
465,couch,n.,長沙發,house,🛋️,True,2,2,
466,count,v.,數,verbs,,True,2,2,
467,country,n.,鄉下,places,,False,3,2,
468,course,n.,課程,school,,False,3,2,
469,cousin,n.,堂表兄弟姊妹,family,,False,3,2,
470,cover,v.,覆蓋,verbs,,True,2,2,
471,crazy,adj.,瘋狂的,traits,,True,2,2,
472,cross,v.,越過,transportation,,True,2,2,
473,cry,v.,哭,verbs,😢,True,2,2,
474,cut,v.,切,verbs,✂️,True,2,2,
475,cute,adj.,可愛的,traits,,True,2,2,
476,dangerous,adj.,危險的,adjectives,,False,3,2,
477,dark,adj.,黑暗的,adjectives,,True,2,2,
478,date,v.,約會,verbs,,True,2,2,
479,day,n.,天,time,,True,2,2,
480,dead,adj.,死的,adjectives,,True,2,2,
481,deal,v.,處理,verbs,,False,2,2,
482,dear,adj.,親愛的,adjectives,,True,2,2,
483,death,n.,死亡,health,,True,2,2,
484,decide,v.,決定,verbs,,False,3,2,
485,deep,adj.,深的,sizes,,True,2,2,
486,define,v.,下定義,verbs,,False,3,2,
487,delicious,adj.,美味的,food,😋,False,3,2,
488,dentist,n.,牙醫,jobs,,False,3,2,
489,department store,n.,百貨公司,places,🏬,False,3,2,
490,dictionary,n.,字典,school,📖,False,3,2,
491,die,v.,死,verbs,,True,2,2,
492,different,adj.,不同的,adjectives,,False,3,2,
493,difficult,adj.,困難的,adjectives,,False,3,2,
494,dig,v.,挖,verbs,,True,2,2,
495,dining room,n.,餐廳,house,,False,3,2,
496,dirty,adj.,髒的,adjectives,,True,2,2,
497,dish,n.,盤子,tableware,🍽️,True,2,2,
498,do,aux.,做,auxiliaries,,False,2,2,"does, did, done"
499,doll,n.,洋娃娃,sports,🪆,True,2,2,
500,dollar,n.,元,money,💵,False,3,2,
501,dot,n.,點,sizes,,True,2,2,
502,down,prep.,向下,prepositions,,False,2,2,
503,download,v.,下載,verbs,,False,3,2,
504,dozen,n.,一打,sizes,,False,2,2,
505,drawer,n.,抽屜,house,,False,3,2,
506,dream,n.,夢,nouns,,True,2,2,
507,drive,v.,開車,transportation,🚗,True,2,2,
508,drop,v.,掉落,verbs,,True,2,2,
509,drum,n.,鼓,sports,🥁,True,2,2,
510,dry,adj.,乾燥的,weather,,True,2,2,
511,during,prep.,在…期間,prepositions,,False,3,2,
512,each,pron.,每個,pronouns,,False,2,2,
513,early,adj.,早的,time,,True,2,2,
514,earth,n.,地球,weather,🌏,True,2,2,
515,earthquake,n.,地震,weather,,False,3,2,
516,east,n.,東方,places,,True,2,2,
517,Easter,n.,復活節,holidays,🐣,False,3,2,
518,easy,adj.,簡單的,adjectives,,True,2,2,
519,eighty,num.,八十,numbers,,False,3,2,
520,either,adv.,也不,adverbs,,False,3,2,
521,elementary school,n.,小學,school,🏫,False,3,2,
522,else,adj.,其他的,adjectives,,False,2,2,
523,e-mail,n.,電子郵件,nouns,📧,False,3,2,
524,end,v.,結束,verbs,,True,2,2,
525,engineer,n.,工程師,jobs,,False,3,2,
526,enjoy,v.,享受,verbs,,True,2,2,
527,enough,adj.,足夠的,adjectives,,False,3,2,
528,enter,v.,進入,verbs,,True,2,2,
529,envelope,n.,信封,school,✉️,False,3,2,
530,error,n.,錯誤,nouns,,True,2,2,
531,eve,n.,前夕,nouns,,False,2,2,
532,even,adv.,甚至,adverbs,,False,2,2,
533,evening,n.,傍晚,time,🌆,False,3,2,
534,ever,adv.,曾經,adverbs,,False,2,2,
535,every,adj.,每一,pronouns,,False,2,2,
536,everyone,pron.,每個人,pronouns,,False,3,2,everybody
537,everything,pron.,每件事,pronouns,,False,3,2,
538,example,n.,例子,school,,False,3,2,
539,excellent,adj.,優秀的,adjectives,,False,3,2,
540,except,prep.,除了,prepositions,,False,3,2,
541,exciting,adj.,刺激的,traits,,False,3,2,
542,excuse,n.,藉口,nouns,,False,3,2,
543,exercise,n.,運動,sports,,False,3,2,
544,expect,v.,期待,verbs,,False,3,2,
545,expensive,adj.,昂貴的,money,,False,3,2,
546,experience,n.,經驗,nouns,,False,3,2,
547,explain,v.,解釋,school,,False,3,2,
548,fact,n.,事實,nouns,,True,2,2,
549,factory,n.,工廠,places,🏭,False,3,2,
550,fail,v.,不及格,school,,True,2,2,
551,fall,v.,跌倒,verbs,,True,2,2,
552,famous,adj.,有名的,traits,,False,3,2,
553,fan,n.,粉絲,sports,,True,2,2,
554,far,adj.,遠的,sizes,,True,2,2,
555,fat,adj.,胖的,traits,,True,2,2,
556,favorite,adj.,最喜愛的,adjectives,,False,3,2,
557,feed,v.,餵,verbs,,True,2,2,
558,feel,v.,感覺,verbs,,True,2,2,
559,festival,n.,節日,holidays,,False,3,2,
560,fever,n.,發燒,health,🤒,True,2,2,
561,few,adj.,很少的,numbers,,True,2,2,
562,fifty,num.,五十,numbers,,True,2,2,
563,fight,v.,打架,verbs,,True,2,2,
564,file,n.,檔案,nouns,📁,True,2,2,
565,fill,v.,裝滿,verbs,,True,2,2,
566,finally,adv.,最後,adverbs,,False,3,2,
567,find,v.,找到,verbs,,True,2,2,
568,fine,adj.,好的,adjectives,,True,2,2,
569,finish,v.,完成,verbs,,False,3,2,
570,fire,n.,火,nouns,🔥,True,2,2,
571,first,num.,第一,numbers,🥇,True,2,2,
572,fisherman,n.,漁夫,jobs,,False,3,2,
573,fix,v.,修理,house,🔧,True,2,2,
574,floor,n.,地板,house,,True,2,2,
575,flower,n.,花,nouns,🌸,False,3,2,
576,fly,v.,飛,transportation,,True,2,2,
577,follow,v.,跟隨,verbs,,False,3,2,
578,fool,n.,傻瓜,people,,True,2,2,
579,for,prep.,為了,prepositions,,False,2,2,
580,foreign,adj.,外國的,adjectives,,False,3,2,
581,foreigner,n.,外國人,nouns,,False,3,2,
582,forget,v.,忘記,verbs,,False,3,2,
583,forty,num.,四十,numbers,,True,2,2,
584,fox,n.,狐狸,animals,🦊,True,2,2,
585,free,adj.,免費的,adjectives,,True,2,2,
586,fresh,adj.,新鮮的,adjectives,,True,2,2,
587,friendly,adj.,友善的,traits,,False,3,2,
588,fries,n.,薯條,food,🍟,False,2,2,French fries
589,from,prep.,從,prepositions,,False,2,2,
590,front,n.,前面,places,,True,2,2,
591,fry,v.,油炸,verbs,,True,2,2,
592,full,adj.,飽的,food,,True,2,2,
593,fun,n.,樂趣,nouns,,True,2,2,
594,funny,adj.,好笑的,traits,,True,2,2,
595,future,n.,未來,time,,False,3,2,
596,garden,n.,花園,house,🏡,False,3,2,
597,garbage,n.,垃圾,nouns,🗑️,False,3,2,
598,gas,n.,瓦斯,nouns,,True,2,2,
599,gate,n.,大門,house,,True,2,2,
600,get,v.,得到,verbs,,True,2,2,
601,ghost,n.,鬼,nouns,👻,True,2,2,
602,giant,n.,巨人,people,,True,2,2,
603,gift,n.,禮物,nouns,🎁,True,2,2,
604,girl,n.,女孩,people,👧,True,2,2,
605,glad,adj.,高興的,adjectives,,True,2,2,
606,glass,n.,玻璃杯,tableware,🥛,True,2,2,
607,glasses,n.,眼鏡,school,👓,False,3,2,
608,glove,n.,手套,clothing,🧤,True,2,2,
609,glue,n.,膠水,school,,True,2,2,
610,goat,n.,山羊,animals,🐐,True,2,2,
611,god,n.,神,nouns,,False,2,2,
612,good-bye,interj.,再見,pronouns,👋,False,3,2,"goodbye, bye"
613,goose,n.,鵝,animals,🪿,True,2,2,
614,grade,n.,年級,school,,True,2,2,
615,gram,n.,公克,sizes,,False,2,2,
616,grass,n.,草,nouns,🌿,True,2,2,
617,gray,adj.,灰色的,colors,,True,2,2,
618,great,adj.,很棒的,adjectives,,True,2,2,
619,ground,n.,地面,nouns,,False,3,2,
620,group,n.,團體,nouns,,True,2,2,
621,grow,v.,長大,family,,True,2,2,
622,guava,n.,芭樂,food,,False,2,2,
623,guess,v.,猜,verbs,,True,2,2,
624,guitar,n.,吉他,sports,🎸,False,3,2,
625,guy,n.,傢伙,people,,True,2,2,
626,gym,n.,體育館,school,,True,2,2,
627,habit,n.,習慣,nouns,,True,2,2,
628,half,n.,一半,time,,True,2,2,
629,Halloween,n.,萬聖節,holidays,🎃,False,3,2,
630,ham,n.,火腿,food,,True,2,2,
631,handsome,adj.,英俊的,traits,,False,3,2,
632,hang,v.,懸掛,verbs,,True,2,2,
633,happen,v.,發生,verbs,,False,3,2,
634,hard,adj.,硬的,adjectives,,True,2,2,
635,hard-working,adj.,努力的,traits,,False,3,2,
636,hate,v.,討厭,verbs,,True,2,2,
637,have,aux.,有,auxiliaries,,False,2,2,"has, had"
638,he,pron.,他,pronouns,,False,2,2,"him, his, himself"
639,headache,n.,頭痛,health,,False,3,2,
640,health,n.,健康,health,,False,3,2,
641,healthy,adj.,健康的,health,,False,3,2,
642,hear,v.,聽見,verbs,👂,True,2,2,
643,heart,n.,心臟,body,❤️,True,2,2,
644,heat,n.,熱,nouns,,True,2,2,
645,heavy,adj.,重的,traits,,True,2,2,
646,height,n.,身高,sizes,,False,3,2,
647,hello,interj.,哈囉,pronouns,,False,2,2,
648,helpful,adj.,有幫助的,adjectives,,False,3,2,
649,hen,n.,母雞,animals,🐔,True,2,2,
650,here,adv.,這裡,places,,True,2,2,
651,hey,interj.,嘿,pronouns,,False,2,2,
652,hi,interj.,嗨,pronouns,,False,2,2,
653,hide,v.,躲藏,verbs,,True,2,2,
654,high,adj.,高的,sizes,,True,2,2,
655,hike,v.,健行,sports,🥾,True,2,2,
656,hill,n.,小山,geography,,True,2,2,
657,history,n.,歷史,school,,False,3,2,
658,hit,v.,打,verbs,,True,2,2,
659,hobby,n.,嗜好,sports,,True,2,2,
660,hold,v.,握著,verbs,,True,2,2,
661,holiday,n.,假日,holidays,,False,3,2,
662,honest,adj.,誠實的,traits,,False,3,2,
663,honey,n.,蜂蜜,nouns,🍯,True,2,2,
664,hope,v.,希望,verbs,,True,2,2,
665,hot dog,n.,熱狗,food,🌭,False,3,2,
666,hotel,n.,旅館,places,🏨,True,2,2,
667,hour,n.,小時,time,,True,2,2,
668,housewife,n.,家庭主婦,jobs,,False,3,2,
669,however,conj.,然而,conjunctions,,False,3,2,
670,hundred,num.,百,numbers,💯,False,3,2,
671,hunt,v.,打獵,verbs,,True,2,2,
672,hurry,v.,趕快,verbs,,True,2,2,
673,hurt,v.,使受傷,verbs,,True,2,2,
674,husband,n.,丈夫,family,,False,3,2,
675,I,pron.,我,pronouns,,False,2,2,"me, my, mine, myself"
676,ice,n.,冰,food,🧊,True,2,2,
677,idea,n.,主意,nouns,,True,2,2,
678,if,conj.,如果,conjunctions,,False,2,2,
679,important,adj.,重要的,adjectives,,False,3,2,
680,in,prep.,在…裡面,prepositions,,False,2,2,
681,inch,n.,英吋,sizes,,False,2,2,
682,insect,n.,昆蟲,animals,,False,3,2,
683,inside,prep.,在…內部,prepositions,,False,3,2,
684,interest,n.,興趣,nouns,,False,3,2,
685,interested,adj.,感興趣的,traits,,False,3,2,
686,interesting,adj.,有趣的,adjectives,,False,3,2,
687,Internet,n.,網路,nouns,🌐,False,3,2,Net
688,interview,n.,面試,nouns,,False,3,2,
689,into,prep.,進入,prepositions,,False,2,2,
690,invite,v.,邀請,verbs,,False,3,2,
691,island,n.,島,geography,🏝️,False,3,2,
692,it,pron.,它,pronouns,,False,2,2,"its, itself"
693,item,n.,項目,nouns,,False,2,2,
694,jeans,n.,牛仔褲,clothing,👖,True,2,2,
695,job,n.,工作,jobs,,True,2,2,
696,jog,v.,慢跑,sports,,True,2,2,
697,join,v.,加入,verbs,,True,2,2,
698,joke,n.,笑話,nouns,,True,2,2,
699,joy,n.,喜悅,nouns,,True,2,2,
700,junior high school,n.,國中,school,,False,3,2,
701,just,adv.,只是,adverbs,,False,2,2,
702,keep,v.,保持,verbs,,True,2,2,
703,kick,v.,踢,verbs,,True,2,2,
704,kid,n.,小孩子,people,,True,2,2,
705,kill,v.,殺,verbs,,True,2,2,
706,kilogram,n.,公斤,sizes,,False,3,2,
707,king,n.,國王,people,🤴,True,2,2,
708,kiss,v.,親吻,verbs,💋,True,2,2,
709,kite,n.,風箏,sports,🪁,True,2,2,
710,knife,n.,刀子,tableware,🔪,True,2,2,
711,knock,v.,敲,verbs,,True,2,2,
712,know,v.,知道,verbs,,True,2,2,
713,knowledge,n.,知識,school,,False,3,2,
714,lake,n.,湖,geography,,True,2,2,
715,lamp,n.,燈,house,💡,True,2,2,
716,land,v.,降落,transportation,🛬,True,2,2,
717,language,n.,語言,school,,False,3,2,
718,large,adj.,巨大的,sizes,,True,2,2,
719,last,adj.,最後的,numbers,,True,2,2,
720,late,adj.,遲的,time,,True,2,2,
721,later,adv.,稍後,time,,True,2,2,
722,laugh,v.,笑,verbs,😂,True,2,2,
723,lawyer,n.,律師,jobs,,False,3,2,
724,lazy,adj.,懶惰的,traits,,True,2,2,
725,lead,v.,帶領,verbs,,False,2,2,
726,leader,n.,領導者,nouns,,False,3,2,
727,least,adv.,最少地,adverbs,,False,2,2,
728,leave,v.,離開,verbs,,True,2,2,
729,left,n.,左邊,places,⬅️,True,2,2,
730,lemon,n.,檸檬,food,🍋,True,2,2,
731,lend,v.,借出,money,,True,2,2,
732,less,adj.,較少的,numbers,,True,2,2,
733,lesson,n.,課,school,,False,3,2,
734,let,v.,讓,verbs,,True,2,2,
735,letter,n.,信,school,✉️,False,3,2,
736,level,n.,等級,nouns,,True,2,2,
737,lie,v.,說謊,verbs,,True,2,2,
738,life,n.,生命,health,,True,2,2,
739,light,n.,燈,house,💡,True,2,2,
740,line,n.,線,sizes,,True,2,2,
741,lip,n.,嘴唇,body,👄,True,2,2,
742,list,n.,清單,verbs,📋,True,2,2,
743,little,adj.,一點點的,numbers,,False,3,2,
744,live,v.,住,family,,True,2,2,
745,living room,n.,客廳,house,🛋️,False,3,2,
746,lonely,adj.,寂寞的,traits,,False,3,2,
747,lose,v.,輸,sports,,True,2,2,
748,loud,adj.,大聲的,adjectives,,True,2,2,
749,lovely,adj.,可愛的,traits,,False,3,2,
750,low,adj.,低的,sizes,,True,2,2,
751,lucky,adj.,幸運的,adjectives,🍀,True,2,2,
752,machine,n.,機器,house,,False,3,2,
753,mad,adj.,生氣的,traits,😠,True,2,2,
754,magic,n.,魔法,adjectives,🪄,True,2,2,
755,mail,n.,郵件,nouns,📬,True,2,2,
756,mailman,n.,郵差,jobs,,False,3,2,mail carrier
757,main,adj.,主要的,adjectives,,True,2,2,
758,man,n.,男人,people,👨,True,2,2,
759,many,adj.,許多的,numbers,,True,2,2,
760,map,n.,地圖,school,🗺️,True,2,2,
761,mark,n.,記號,school,,True,2,2,
762,marker,n.,麥克筆,school,🖊️,False,3,2,
763,married,adj.,已婚的,family,,False,3,2,
764,mask,n.,面具,clothing,,True,2,2,
765,matter,n.,事情,nouns,,False,3,2,
766,may,aux.,可能,time,,False,2,2,might
767,maybe,adv.,也許,adverbs,,True,2,2,
768,meal,n.,一餐,food,🍽️,True,2,2,
769,mean,v.,意思是,verbs,,True,2,2,
770,meat,n.,肉,food,🥩,True,2,2,
771,medicine,n.,藥,health,💊,False,3,2,
772,medium,adj.,中等的,sizes,,False,3,2,
773,meet,v.,遇見,verbs,,True,2,2,
774,meeting,n.,會議,nouns,,False,3,2,
775,member,n.,成員,nouns,,False,3,2,
776,menu,n.,菜單,food,,True,2,2,
777,metro,n.,捷運,nouns,🚇,False,2,2,
778,middle,n.,中間,places,,False,3,2,
779,mile,n.,英里,sizes,,False,2,2,
780,million,num.,百萬,numbers,,False,3,2,
781,mind,n.,心思,nouns,,True,2,2,
782,minute,n.,分鐘,time,,False,3,2,
783,Miss,n.,小姐,people,,False,2,2,
784,miss,v.,想念,verbs,,True,2,2,
785,mistake,n.,錯誤,nouns,,False,3,2,
786,modern,adj.,現代的,adjectives,,False,3,2,
787,moment,n.,片刻,time,,False,3,2,
788,money,n.,錢,money,💰,True,2,2,
789,month,n.,月,time,📅,True,2,2,
790,more,adj.,更多的,numbers,,True,2,2,
791,mop,v.,拖地,verbs,🧹,True,2,2,
792,most,pron.,大多數,pronouns,,False,2,2,
793,mountain,n.,山,geography,⛰️,False,3,2,
794,move,v.,移動,verbs,,True,2,2,
795,movie,n.,電影,sports,🎬,True,2,2,
796,Mr,n.,先生,people,,False,2,2,
797,Mrs,n.,太太,people,,False,2,2,
798,Ms,n.,女士,people,,False,2,2,
799,much,adj.,很多的,numbers,,True,2,2,
800,mud,n.,泥巴,nouns,,True,2,2,
801,museum,n.,博物館,places,🏛️,False,3,2,
802,must,aux.,必須,auxiliaries,,False,2,2,
803,nail,n.,指甲,body,💅,True,2,2,
804,name,n.,名字,people,,True,2,2,
805,national,adj.,國家的,adjectives,,False,3,2,
806,nature,n.,大自然,weather,🌳,False,3,2,
807,near,prep.,在…附近,prepositions,,False,2,2,
808,neck,n.,脖子,body,,True,2,2,
809,need,v.,需要,verbs,,True,2,2,
810,neighbor,n.,鄰居,people,,False,3,2,
811,never,adv.,從不,adverbs,,True,2,2,
812,news,n.,新聞,nouns,,True,2,2,
813,newspaper,n.,報紙,nouns,📰,False,3,2,
814,next,adj.,下一個的,time,,True,2,2,
815,nice,adj.,友善的,traits,,True,2,2,
816,ninety,num.,九十,numbers,,False,3,2,
817,no,adv.,不,adverbs,,False,2,2,
818,nobody,pron.,沒有人,pronouns,,False,3,2,
819,noise,n.,噪音,nouns,,True,2,2,
820,noisy,adj.,吵鬧的,adjectives,,True,2,2,
821,noon,n.,中午,time,🕛,True,2,2,
822,north,n.,北方,places,,True,2,2,
823,not,adv.,不是,adverbs,,True,2,2,
824,note,n.,筆記,nouns,📝,True,2,2,
825,notebook,n.,筆記本,school,📓,False,3,2,
826,nothing,pron.,沒有東西,pronouns,,False,3,2,
827,notice,v.,注意到,verbs,,False,3,2,
828,now,adv.,現在,time,,True,2,2,
829,number,n.,數字,numbers,🔢,False,3,2,
830,o'clock,adv.,…點鐘,time,🕐,False,3,2,
831,of,prep.,的,prepositions,,False,2,2,
832,off,prep.,離開,prepositions,,False,2,2,
833,office,n.,辦公室,places,🏢,False,3,2,
834,officer,n.,警官,jobs,👮,False,3,2,
835,often,adv.,常常,adverbs,,True,2,2,
836,oil,n.,油,food,,True,2,2,
837,OK,adj.,好的,adjectives,👌,False,2,2,
838,on,prep.,在…上面,prepositions,,False,2,2,
839,once,adv.,一次,time,,True,2,2,
840,only,adj.,唯一的,adjectives,,True,2,2,
841,or,conj.,或者,conjunctions,,False,2,2,
842,order,v.,點餐,food,,True,2,2,
843,other,pron.,其他,pronouns,,False,2,2,
844,out,prep.,在外面,prepositions,,False,2,2,
845,outside,prep.,在…外面,prepositions,,False,3,2,
846,over,prep.,在…上方,prepositions,,False,2,2,
847,own,v.,擁有,verbs,,False,2,2,
848,p.m,adv.,下午,time,,False,2,2,
849,pack,v.,打包,sizes,,True,2,2,
850,package,n.,包裹,sizes,📦,False,3,2,
851,page,n.,頁,school,📄,True,2,2,
852,paint,v.,畫畫,sports,🎨,True,2,2,
853,pair,n.,一雙,sizes,,True,2,2,
854,papaya,n.,木瓜,food,,False,3,2,
855,paper,n.,紙,school,,True,2,2,
856,parent,n.,父母,family,,False,3,2,
857,part,n.,部分,pronouns,,True,2,2,
858,party,n.,派對,nouns,🎉,True,2,2,
859,pass,v.,通過,school,,True,2,2,
860,past,n.,過去,time,,True,2,2,
861,paste,v.,貼上,verbs,,False,2,2,
862,pay,v.,付錢,money,,True,2,2,
863,PE,n.,體育課,school,,False,2,2,physical education
864,peach,n.,桃子,food,🍑,True,2,2,
865,pear,n.,梨子,food,🍐,True,2,2,
866,people,n.,人們,people,👥,False,3,2,
867,perhaps,adv.,或許,adverbs,,False,3,2,
868,person,n.,人,people,🧑,False,3,2,
869,pet,n.,寵物,animals,,True,2,2,
870,photo,n.,照片,nouns,📷,True,2,2,
871,piano,n.,鋼琴,sports,🎹,True,2,2,
872,pick,v.,挑選,verbs,,True,2,2,
873,picnic,n.,野餐,sports,🧺,False,3,2,
874,picture,n.,圖畫,school,🖼️,False,3,2,
875,pie,n.,派,food,🥧,True,2,2,
876,piece,n.,一片,sizes,,True,2,2,
877,pin,n.,別針,nouns,📌,True,2,2,
878,pipe,n.,管子,nouns,,False,2,2,
879,place,n.,地方,places,,True,2,2,
880,plan,v.,計畫,verbs,,True,2,2,
881,planet,n.,行星,nouns,🪐,False,3,2,
882,plant,v.,種植,verbs,🌱,True,2,2,
883,player,n.,選手,nouns,,False,3,2,
884,please,v.,請,verbs,,False,3,2,
885,pleasure,n.,榮幸,nouns,,False,3,2,
886,pocket,n.,口袋,clothing,,False,3,2,
887,point,n.,點,sizes,,True,2,2,
888,polite,adj.,有禮貌的,traits,,False,3,2,
889,pond,n.,池塘,geography,,True,2,2,
890,pool,n.,游泳池,places,🏊,True,2,2,
891,poor,adj.,貧窮的,traits,,True,2,2,
892,pop,adj.,流行的,adjectives,,True,2,2,
893,popcorn,n.,爆米花,food,🍿,False,3,2,
894,popular,adj.,受歡迎的,adjectives,,False,3,2,
895,pork,n.,豬肉,food,🥓,True,2,2,
896,possible,adj.,可能的,adjectives,,False,3,2,
897,postcard,n.,明信片,school,,False,3,2,
898,pot,n.,鍋子,house,🍲,True,2,2,
899,pound,n.,磅,sizes,,False,2,2,
900,power,n.,力量,nouns,,True,2,2,
901,probably,adv.,大概,adverbs,,False,3,2,
902,practice,v.,練習,school,,False,3,2,
903,pray,v.,祈禱,verbs,🙏,False,2,2,
904,prepare,v.,準備,school,,False,3,2,
905,present,n.,禮物,school,🎁,False,3,2,
906,pretty,adj.,漂亮的,traits,,False,3,2,
907,price,n.,價格,money,🏷️,True,2,2,
908,prize,n.,獎品,nouns,🏆,True,2,2,
909,problem,n.,問題,school,,False,3,2,
910,program,n.,節目,nouns,,False,3,2,
911,proud,adj.,驕傲的,traits,,True,2,2,
912,public,adj.,公共的,adjectives,,False,3,2,
913,pull,v.,拉,verbs,,True,2,2,
914,pumpkin,n.,南瓜,food,🎃,False,3,2,
915,puppy,n.,小狗,animals,🐶,True,2,2,
916,push,v.,推,verbs,,True,2,2,
917,put,v.,放,verbs,,True,2,2,
918,quarter,n.,十五分鐘,time,,False,3,2,
919,queen,n.,女王,people,👸,True,2,2,
920,question,n.,題目,school,❓,False,3,2,
921,quick,adj.,快速的,transportation,,True,2,2,
922,quiet,adj.,安靜的,adjectives,🤫,True,2,2,
923,quite,adv.,相當,adverbs,,False,2,2,
924,quiz,n.,小考,school,,True,2,2,
925,race,n.,賽跑,sports,🏃,True,2,2,
926,radio,n.,收音機,house,📻,True,2,2,
927,raise,v.,舉起,verbs,,True,2,2,
928,rat,n.,老鼠,animals,🐀,True,2,2,
929,reach,v.,到達,verbs,,True,2,2,
930,ready,adj.,準備好的,adjectives,,True,2,2,
931,real,adj.,真實的,adjectives,,True,2,2,
932,really,adv.,真的,adverbs,,False,3,2,
933,reason,n.,理由,nouns,,False,3,2,
934,refrigerator,n.,冰箱,house,,False,3,2,fridge
935,relative,n.,親戚,family,,False,3,2,
936,remember,v.,記得,verbs,,False,3,2,
937,repeat,v.,重複,school,🔁,False,3,2,
938,report,n.,報告,nouns,,False,3,2,
939,reporter,n.,記者,jobs,,False,3,2,
940,rest,v.,休息,verbs,,True,2,2,
941,restroom,n.,廁所,places,🚻,False,3,2,
942,rich,adj.,有錢的,traits,🤑,True,2,2,
943,ride,v.,騎,transportation,,True,2,2,
944,right,n.,右邊,places,➡️,True,2,2,
945,ring,n.,戒指,clothing,💍,True,2,2,
946,rise,v.,上升,verbs,,True,2,2,
947,river,n.,河,geography,,True,2,2,
948,road,n.,道路,house,🛣️,True,2,2,
949,robot,n.,機器人,nouns,🤖,True,2,2,
950,R.O.C./ROC,n.,中華民國,countries,🇹🇼,False,3,2,
951,rock,n.,石頭,nouns,🪨,True,2,2,
952,roll,v.,滾動,verbs,,True,2,2,
953,root,n.,根,nouns,,False,2,2,
954,rope,n.,繩子,nouns,🪢,True,2,2,
955,rose,n.,玫瑰,nouns,🌹,True,2,2,
956,round,adj.,圓的,sizes,⭕,True,2,2,
957,row,n.,一排,sizes,,True,2,2,
958,rule,n.,規則,nouns,,True,2,2,
959,safe,adj.,安全的,adjectives,,True,2,2,
960,sail,v.,航行,sports,⛵,True,2,2,
961,salad,n.,沙拉,food,🥗,True,2,2,
962,sale,n.,拍賣,nouns,,True,2,2,
963,salesman,n.,推銷員,jobs,,False,3,2,
964,salt,n.,鹽,food,🧂,True,2,2,
965,same,adj.,相同的,adjectives,,True,2,2,
966,sandwich,n.,三明治,food,🥪,False,3,2,
967,save,v.,拯救,verbs,,True,2,2,
968,say,v.,說,school,,True,2,2,
969,scared,adj.,害怕的,traits,😨,False,3,2,
970,scooter,n.,機車,transportation,🛵,False,3,2,
971,screen,n.,螢幕,nouns,🖥️,False,3,2,
972,sea,n.,海,geography,🌊,True,2,2,
973,season,n.,季節,time,,False,3,2,
974,seat,n.,座位,nouns,💺,True,2,2,
975,second,n.,秒,numbers,,False,3,2,
976,secretary,n.,祕書,jobs,,False,3,2,
977,see,v.,看見,verbs,👀,True,2,2,
978,seed,n.,種子,nouns,,True,2,2,
979,seesaw,n.,蹺蹺板,school,,False,3,2,
980,seldom,adv.,很少,adverbs,,False,3,2,
981,sell,v.,賣,verbs,,True,2,2,
982,send,v.,寄送,verbs,,True,2,2,
983,senior high school,n.,高中,school,,False,3,2,
984,sentence,n.,句子,nouns,,False,3,2,
985,serious,adj.,嚴肅的,adjectives,,False,3,2,
986,service,n.,服務,nouns,,False,3,2,
987,set,n.,一套,nouns,,True,2,2,
988,seventy,num.,七十,numbers,,False,3,2,
989,several,adj.,幾個的,numbers,,False,3,2,
990,shake,v.,搖動,verbs,,True,2,2,
991,shape,n.,形狀,sizes,,True,2,2,
992,share,v.,分享,verbs,,True,2,2,
993,sharp,adj.,鋒利的,adjectives,,True,2,2,
994,she,pron.,她,pronouns,👩,False,2,2,"her, hers, herself"
995,shine,v.,照耀,weather,,False,2,2,
996,ship,n.,船,transportation,🚢,True,2,2,
997,shop,n.,商店,places,🏪,True,2,2,
998,shopkeeper,n.,店主,jobs,,False,3,2,
999,should,aux.,應該,auxiliaries,,False,3,2,
1000,shoulder,n.,肩膀,body,,False,3,2,
1001,shout,v.,大喊,verbs,📢,True,2,2,
1002,show,v.,展示,verbs,,True,2,2,
1003,shower,n.,陣雨,weather,🌦️,False,3,2,
1004,shy,adj.,害羞的,traits,,True,2,2,
1005,side,n.,邊,nouns,,True,2,2,
1006,sidewalk,n.,人行道,transportation,,False,3,2,
1007,sight,n.,景象,nouns,,False,2,2,
1008,sign,v.,簽名,verbs,✍️,True,2,2,
1009,simple,adj.,簡單的,adjectives,,False,3,2,
1010,since,prep.,自從,prepositions,,False,2,2,
1011,sir,n.,閣下,people,,False,2,2,
1012,sit,v.,坐,verbs,🪑,True,2,2,
1013,sixty,num.,六十,numbers,,True,2,2,
1014,size,n.,尺寸,sizes,,True,2,2,
1015,sky,n.,天空,weather,,True,2,2,
1016,slide,n.,溜滑梯,school,🛝,True,2,2,
1017,slim,adj.,苗條的,traits,,True,2,2,
1018,smart,adj.,聰明的,traits,🧠,True,2,2,
1019,smell,v.,聞,verbs,👃,True,2,2,
1020,smile,n.,微笑,nouns,😊,True,2,2,
1021,smoke,v.,抽菸,verbs,🚬,True,2,2,
1022,snack,n.,點心,food,🍪,True,2,2,
1023,snowy,adj.,下雪的,weather,🌨️,True,2,2,
1024,so,adv.,所以,adverbs,,False,2,2,
1025,sofa,n.,沙發,house,🛋️,True,2,2,
1026,soldier,n.,士兵,jobs,,False,3,2,
1027,some,adj.,一些的,numbers,,True,2,2,
1028,someone,pron.,某人,pronouns,,False,3,2,somebody
1029,something,pron.,某事,pronouns,,False,3,2,
1030,sometimes,adv.,有時候,adverbs,,False,3,2,
1031,somewhere,adv.,某處,adverbs,,False,3,2,
1032,song,n.,歌曲,sports,🎵,True,2,2,
1033,soon,adv.,很快地,time,,True,2,2,
1034,sore,adj.,痠痛的,health,,False,2,2,
1035,sorry,adj.,抱歉的,adjectives,,True,2,2,
1036,sound,v.,聽起來,verbs,,True,2,2,
1037,south,n.,南方,places,,True,2,2,
1038,space,n.,太空,nouns,🚀,True,2,2,
1039,special,adj.,特別的,adjectives,,False,3,2,
1040,spell,v.,拼字,school,,True,2,2,
1041,spend,v.,花費,money,,True,2,2,
1042,spider,n.,蜘蛛,animals,🕷️,False,3,2,
1043,sports,n.,運動,sports,,False,3,2,
1044,square,n.,正方形,sizes,🟥,False,3,2,
1045,stairs,n.,樓梯,house,,False,3,2,
1046,stamp,n.,郵票,sports,,True,2,2,
1047,stand,v.,站立,verbs,🧍,True,2,2,
1048,start,v.,開始,verbs,,True,2,2,
1049,stay,v.,停留,verbs,,True,2,2,
1050,steak,n.,牛排,food,🥩,True,2,2,
1051,still,adv.,仍然,adverbs,,True,2,2,
1052,stomach,n.,胃,body,,False,3,2,
1053,stop,v.,停止,verbs,🛑,True,2,2,
1054,story,n.,故事,school,📖,True,2,2,
1055,straight,adj.,直的,sizes,,False,3,2,
1056,strange,adj.,奇怪的,adjectives,,False,3,2,
1057,stranger,n.,陌生人,people,,False,3,2,
1058,street,n.,街道,house,,False,3,2,
1059,string,n.,細繩,nouns,🧵,False,3,2,
1060,strong,adj.,強壯的,health,💪,False,3,2,
1061,study,v.,讀書,school,,True,2,2,
1062,stupid,adj.,愚蠢的,traits,,False,3,2,
1063,subject,n.,科目,nouns,,False,3,2,
1064,successful,adj.,成功的,traits,,False,3,2,
1065,sugar,n.,糖,food,,True,2,2,
1066,sure,adj.,確定的,adjectives,,True,2,2,
1067,surf,v.,衝浪,sports,🏄,False,2,2,
1068,surprise,v.,使驚訝,verbs,,False,3,2,
1069,surprised,adj.,驚訝的,adjectives,😮,False,3,2,
1070,sweater,n.,毛衣,clothing,,False,3,2,
1071,sweet,adj.,甜的,food,,True,2,2,
1072,swing,n.,鞦韆,nouns,,True,2,2,
1073,tail,n.,尾巴,animals,,True,2,2,
1074,Taiwan,n.,臺灣,countries,🇹🇼,False,3,2,
1075,take,v.,拿,verbs,,True,2,2,
1076,talk,v.,談話,school,,True,2,2,
1077,tape,n.,膠帶,house,,True,2,2,
1078,taste,v.,嚐,verbs,,True,2,2,
1079,team,n.,隊伍,sports,,True,2,2,
1080,teenager,n.,青少年,people,,False,3,2,
1081,telephone,n.,電話,house,☎️,False,3,2,phone
1082,television,n.,電視,house,📺,False,3,2,TV
1083,tell,v.,告訴,verbs,,True,2,2,
1084,temple,n.,廟,places,,False,3,2,
1085,tennis,n.,網球,sports,🎾,False,3,2,
1086,terrible,adj.,糟糕的,adjectives,,False,3,2,
1087,than,conj.,比,prepositions,,False,2,2,
1088,thank,v.,感謝,verbs,,True,2,2,
1089,that,pron.,那個,pronouns,,False,2,2,
1090,the,art.,這個,pronouns,,False,2,2,
1091,theater,n.,劇院,places,🎭,False,3,2,
1092,then,adv.,然後,adverbs,,True,2,2,
1093,there,adv.,那裡,places,,True,2,2,
1094,these,pron.,這些,pronouns,,False,2,2,
1095,they,pron.,他們,pronouns,,False,2,2,"them, their, theirs, themselves"
1096,thick,adj.,厚的,adjectives,,True,2,2,
1097,thin,adj.,瘦的,traits,,True,2,2,
1098,thing,n.,東西,nouns,,True,2,2,
1099,think,v.,想,verbs,🤔,True,2,2,
1100,third,num.,第三,numbers,🥉,True,2,2,
1101,thirty,num.,三十,numbers,,False,3,2,
1102,this,pron.,這,pronouns,,False,2,2,
1103,those,pron.,那些,pronouns,,False,2,2,
1104,though,conj.,雖然,conjunctions,,False,3,2,although
1105,thousand,num.,千,numbers,,False,3,2,
1106,throat,n.,喉嚨,body,,False,3,2,
1107,through,prep.,穿過,prepositions,,False,3,2,
1108,throw,v.,丟,verbs,,True,2,2,
1109,ticket,n.,票,nouns,🎫,False,3,2,
1110,tidy,adj.,整齊的,adjectives,,False,2,2,
1111,tie,n.,領帶,clothing,👔,True,2,2,
1112,time,n.,時間,time,⏰,True,2,2,
1113,tip,n.,小費,nouns,,True,2,2,
1114,to,prep.,到,prepositions,,False,2,2,
1115,toast,n.,吐司,food,🍞,True,2,2,
1116,today,adv.,今天,time,,True,2,2,
1117,toe,n.,腳趾,body,,True,2,2,
1118,together,adv.,一起,adverbs,,False,3,2,
1119,tomorrow,adv.,明天,time,,False,3,2,
1120,tonight,adv.,今晚,time,,False,3,2,
1121,too,adv.,也,adverbs,,True,2,2,
1122,tool,n.,工具,nouns,🔧,True,2,2,
1123,top,n.,頂端,places,,True,2,2,
1124,topic,n.,主題,nouns,,True,2,2,
1125,total,n.,總數,numbers,,True,2,2,
1126,touch,v.,觸摸,verbs,,True,2,2,
1127,towel,n.,毛巾,house,,True,2,2,
1128,town,n.,城鎮,places,,True,2,2,
1129,toy,n.,玩具,sports,🧸,True,2,2,
1130,traffic,n.,交通,transportation,🚦,False,3,2,
1131,trash,n.,垃圾,nouns,🗑️,True,2,2,
1132,treat,v.,對待,nouns,,True,2,2,
1133,tree,n.,樹,nouns,🌳,True,2,2,
1134,trick,n.,把戲,nouns,,True,2,2,
1135,trip,n.,旅行,sports,,True,2,2,
1136,trouble,n.,麻煩,nouns,,False,3,2,
1137,true,adj.,真的,adjectives,,True,2,2,
1138,try,v.,嘗試,verbs,,True,2,2,
1139,turn,v.,轉彎,transportation,,True,2,2,
1140,twice,adv.,兩次,adverbs,,True,2,2,
1141,type,v.,打字,verbs,⌨️,True,2,2,
1142,typhoon,n.,颱風,weather,🌀,False,3,2,
1143,ugly,adj.,醜的,traits,,True,2,2,
1144,under,prep.,在…下面,prepositions,,False,2,2,
1145,understand,v.,了解,school,,False,3,2,
1146,unhappy,adj.,不快樂的,traits,,False,3,2,
1147,uniform,n.,制服,clothing,,False,3,2,
1148,until,prep.,直到,prepositions,,False,2,2,
1149,up,prep.,向上,prepositions,,False,2,2,
1150,upload,v.,上傳,verbs,,False,3,2,
1151,U.S.A./USA,n.,美國,countries,🇺🇸,False,3,2,
1152,use,v.,使用,verbs,,True,2,2,
1153,useful,adj.,有用的,adjectives,,False,3,2,
1154,usually,adv.,通常,adverbs,,False,3,2,
1155,vacation,n.,假期,holidays,🏖️,False,3,2,
1156,very,adv.,非常,adverbs,,True,2,2,
1157,video,n.,影片,house,📹,True,2,2,
1158,violin,n.,小提琴,sports,🎻,False,3,2,
1159,visit,v.,拜訪,verbs,,True,2,2,
1160,visitor,n.,訪客,people,,False,3,2,
1161,voice,n.,聲音,nouns,,True,2,2,
1162,wait,v.,等待,verbs,,True,2,2,
1163,waiter,n.,男服務生,jobs,,False,3,2,
1164,waitress,n.,女服務生,jobs,,False,3,2,
1165,wake,v.,醒來,verbs,,True,2,2,
1166,wall,n.,牆壁,house,,True,2,2,
1167,wallet,n.,錢包,clothing,,False,3,2,
1168,want,v.,想要,verbs,,True,2,2,
1169,wash,v.,洗,house,,True,2,2,
1170,watch,n.,手錶,time,⌚,True,2,2,
1171,wave,v.,揮手,verbs,👋,True,2,2,
1172,way,n.,方法,nouns,,True,2,2,
1173,we,pron.,我們,pronouns,,False,2,2,"us, our, ours, ourselves"
1174,weak,adj.,虛弱的,health,,True,2,2,
1175,wear,v.,穿,clothing,,True,2,2,
1176,week,n.,一週,time,,True,2,2,
1177,weekend,n.,週末,time,,False,3,2,
1178,welcome,v.,歡迎,verbs,,False,3,2,
1179,well,adj.,健康的,health,,True,2,2,
1180,west,n.,西方,places,,True,2,2,
1181,wet,adj.,濕的,weather,,True,2,2,
1182,whether,conj.,是否,wh-words,,False,3,2,
1183,which,pron.,哪一個,wh-words,,False,2,2,
1184,while,conj.,當…的時候,wh-words,,False,2,2,
1185,whose,pron.,誰的,wh-words,,False,2,2,
1186,wide,adj.,寬的,sizes,,True,2,2,
1187,wife,n.,妻子,family,,True,2,2,
1188,will,aux.,將會,auxiliaries,,False,2,2,would
1189,win,v.,贏,sports,,True,2,2,
1190,wise,adj.,有智慧的,traits,,True,2,2,
1191,wish,v.,希望,verbs,,True,2,2,
1192,with,prep.,和…一起,prepositions,,False,2,2,
1193,without,prep.,沒有,prepositions,,False,3,2,
1194,woman,n.,女人,people,👩,True,2,2,
1195,wonderful,adj.,美好的,adjectives,,False,3,2,
1196,word,n.,單字,nouns,,True,2,2,
1197,work,v.,工作,jobs,,True,2,2,
1198,workbook,n.,作業簿,school,,False,3,2,
1199,world,n.,世界,countries,🌍,True,2,2,
1200,worry,v.,擔心,verbs,,True,2,2,
1201,writer,n.,作家,jobs,,False,3,2,
1202,wrong,adj.,錯的,adjectives,,True,2,2,
1203,yard,n.,院子,house,,True,2,2,
1204,year,n.,年,time,,True,2,2,
1205,yes,adv.,是的,adverbs,,True,2,2,yeah
1206,yesterday,n.,昨天,time,,False,3,2,
1207,yet,adv.,還沒,adverbs,,False,2,2,
1208,you,pron.,你,pronouns,,False,2,2,"your, yours, yourself, yourselves"
1209,young,adj.,年輕的,traits,,True,2,2,
1210,yummy,adj.,好吃的,food,😋,True,2,2,
1211,zebra,n.,斑馬,animals,🦓,True,2,2,
1212,absent,adj.,缺席的,adjectives,,False,3,3,
1213,accept,v.,接受,verbs,,False,3,3,
1214,accident,n.,意外,nouns,,False,3,3,
1215,active,adj.,活潑的,traits,,False,3,3,
1216,activity,n.,活動,nouns,,False,3,3,
1217,add,v.,加,verbs,,True,3,3,
1218,address,n.,地址,house,,False,3,3,
1219,admire,v.,欽佩,verbs,,False,3,3,
1220,adult,n.,成人,people,,False,3,3,
1221,advertisement,n.,廣告,nouns,,False,3,3,
1222,advice,n.,建議,nouns,,False,3,3,
1223,advise,v.,勸告,verbs,,False,3,3,
1224,affect,v.,影響,verbs,,False,3,3,
1225,against,prep.,反對,prepositions,,False,3,3,
1226,aim,n.,目的,nouns,,True,3,3,
1227,air conditioner,n.,冷氣機,house,,False,3,3,
1228,airlines,n.,航空公司,transportation,,False,3,3,
1229,alarm,n.,警報,nouns,,False,3,3,
1230,album,n.,相簿,nouns,,False,3,3,
1231,alike,adj.,相像的,adjectives,,False,3,3,
1232,alive,adj.,活著的,adjectives,,False,3,3,
1233,alone,adj.,單獨的,adjectives,,False,3,3,
1234,aloud,adv.,大聲地,adverbs,,False,3,3,
1235,alphabet,n.,字母表,school,🔤,False,3,3,
1236,altogether,adv.,總共,adverbs,,False,3,3,
1237,ambulance,n.,救護車,transportation,🚑,False,3,3,
1238,among,prep.,在…之中,prepositions,,False,3,3,
1239,amount,n.,數量,sizes,,False,3,3,
1240,ancient,adj.,古代的,adjectives,,False,3,3,
1241,angel,n.,天使,people,👼,False,3,3,
1242,anger,n.,憤怒,nouns,,False,3,3,
1243,ankle,n.,腳踝,body,,False,3,3,
1244,anywhere,adv.,任何地方,adverbs,,False,3,3,
1245,apologize,v.,道歉,verbs,,False,3,3,
1246,appreciate,v.,感激,verbs,,False,3,3,
1247,argue,v.,爭吵,verbs,,False,3,3,
1248,armchair,n.,扶手椅,house,,False,3,3,
1249,army,n.,軍隊,nouns,,True,3,3,
1250,arrange,v.,安排,verbs,,False,3,3,
1251,artist,n.,藝術家,jobs,,False,3,3,
1252,asleep,adj.,睡著的,adjectives,,False,3,3,
1253,assistant,n.,助理,jobs,,False,3,3,
1254,assume,v.,假設,verbs,,False,3,3,
1255,attention,n.,注意,nouns,,False,3,3,
1256,available,adj.,可用的,adjectives,,False,3,3,
1257,avoid,v.,避免,verbs,,False,3,3,
1258,baby sitter,n.,保母,jobs,,False,3,3,
1259,backpack,n.,背包,school,🎒,False,3,3,
1260,backward,adv.,向後,places,,False,3,3,
1261,ball,n.,球,sports,,True,3,3,
1262,balloon,n.,氣球,nouns,🎈,False,3,3,
1263,barbecue,n.,烤肉,sports,,False,3,3,
1264,barber,n.,理髮師,jobs,,False,3,3,
1265,bark,v.,吠叫,animals,,True,3,3,
1266,base,n.,基礎,nouns,,True,3,3,
1267,basement,n.,地下室,house,,False,3,3,
1268,basic,adj.,基本的,adjectives,,False,3,3,
1269,bathe,v.,洗澡,verbs,,False,3,3,
1270,beard,n.,鬍子,body,🧔,False,3,3,
1271,beat,v.,打敗,verbs,,True,3,3,
1272,beauty,n.,美麗,nouns,,False,3,3,
1273,beer,n.,啤酒,food,🍺,True,3,3,
1274,beginner,n.,初學者,nouns,,False,3,3,
1275,beginning,n.,開始,nouns,,False,3,3,
1276,behave,v.,守規矩,school,,False,3,3,
1277,besides,adv.,此外,conjunctions,,False,3,3,
1278,beyond,prep.,超過,prepositions,,False,3,3,
1279,bill,n.,帳單,money,🧾,True,3,3,
1280,biology,n.,生物學,school,,False,3,3,
1281,bitter,adj.,苦的,food,,False,3,3,
1282,blame,v.,責怪,verbs,,False,3,3,
1283,bless,v.,祝福,verbs,,False,3,3,
1284,blood,n.,血,nouns,🩸,False,3,3,
1285,blouse,n.,女用襯衫,clothing,👚,False,3,3,
1286,board,n.,板子,school,,False,3,3,
1287,bomb,n.,炸彈,nouns,💣,True,3,3,
1288,bone,n.,骨頭,body,🦴,True,3,3,
1289,bookcase,n.,書櫃,house,,False,3,3,
1290,bother,v.,打擾,verbs,,False,3,3,
1291,bowling,n.,保齡球,sports,🎳,False,3,3,
1292,branch,n.,樹枝,nouns,,False,3,3,
1293,brick,n.,磚塊,house,🧱,False,3,3,
1294,broad,adj.,寬闊的,adjectives,,False,3,3,
1295,broadcast,v.,廣播,verbs,,False,3,3,
1296,brunch,n.,早午餐,food,,False,3,3,
1297,bucket,n.,水桶,house,🪣,False,3,3,
1298,buffet,n.,自助餐,places,,False,3,3,
1299,building,n.,建築物,house,🏢,False,3,3,
1300,bundle,n.,一捆,nouns,,False,3,3,
1301,burst,v.,爆裂,verbs,,False,3,3,
1302,cabbage,n.,高麗菜,food,🥬,False,3,3,
1303,cable,n.,電纜,nouns,,False,3,3,
1304,cafeteria,n.,自助餐廳,places,,False,3,3,
1305,cage,n.,籠子,nouns,,True,3,3,
1306,calendar,n.,日曆,time,📅,False,3,3,
1307,calm,v.,冷靜,verbs,,True,3,3,
1308,campus,n.,校園,school,,False,3,3,
1309,cancel,v.,取消,verbs,,False,3,3,
1310,cancer,n.,癌症,health,,False,3,3,
1311,captain,n.,船長,nouns,,False,3,3,
1312,careless,adj.,粗心的,traits,,False,3,3,
1313,carpet,n.,地毯,house,,False,3,3,
1314,carrot,n.,胡蘿蔔,food,🥕,False,3,3,
1315,cartoon,n.,卡通,sports,,False,3,3,
1316,cash,n.,現金,money,💵,True,3,3,
1317,cause,n.,原因,nouns,,False,3,3,
1318,ceiling,n.,天花板,house,,False,3,3,
1319,central,adj.,中央的,places,,False,3,3,
1320,century,n.,世紀,nouns,,False,3,3,
1321,cereal,n.,穀片,food,🥣,False,3,3,
1322,certain,adj.,確定的,verbs,,False,3,3,
1323,channel,n.,頻道,nouns,,False,3,3,
1324,character,n.,角色,nouns,,False,3,3,
1325,charge,v.,收費,money,,False,3,3,
1326,chart,n.,圖表,nouns,📊,False,3,3,
1327,chase,v.,追趕,verbs,,False,3,3,
1328,chemistry,n.,化學,school,,False,3,3,
1329,chess,n.,西洋棋,sports,♟️,False,3,3,
1330,childhood,n.,童年,nouns,,False,3,3,
1331,childish,adj.,幼稚的,traits,,False,3,3,
1332,childlike,adj.,天真的,traits,,False,3,3,
1333,chin,n.,下巴,body,,True,3,3,
1334,chubby,adj.,圓胖的,traits,,False,3,3,
1335,classical,adj.,古典的,adjectives,,False,3,3,
1336,clever,adj.,機靈的,traits,,False,3,3,
1337,climate,n.,氣候,weather,,False,3,3,
1338,closet,n.,衣櫥,house,,False,3,3,
1339,coach,n.,教練,nouns,,False,3,3,
1340,coast,n.,海岸,geography,,False,3,3,
1341,cockroach,n.,蟑螂,animals,🪳,False,3,3,
1342,coin,n.,硬幣,money,🪙,True,3,3,
1343,cola,n.,可樂,food,🥤,True,3,3,
1344,college,n.,學院,school,,False,3,3,
1345,colorful,adj.,色彩繽紛的,adjectives,,False,3,3,
1346,command,n.,命令,nouns,,False,3,3,
1347,comment,v.,評論,verbs,,False,3,3,
1348,company,n.,公司,jobs,,False,3,3,
1349,compare,v.,比較,verbs,,False,3,3,
1350,complain,v.,抱怨,verbs,,False,3,3,
1351,complete,v.,完成,verbs,,False,3,3,
1352,concern,v.,關心,verbs,,False,3,3,
1353,confident,adj.,有自信的,traits,,False,3,3,
1354,confuse,v.,使困惑,verbs,,False,3,3,
1355,congratulation,n.,恭喜,nouns,,False,3,3,
1356,consider,v.,考慮,verbs,,False,3,3,
1357,considerate,adj.,體貼的,traits,,False,3,3,
1358,contact lens,n.,隱形眼鏡,clothing,,False,3,3,
1359,continue,v.,繼續,verbs,,False,3,3,
1360,contract,n.,合約,nouns,,False,3,3,
1361,control,v.,控制,verbs,,False,3,3,
1362,convenience store,n.,便利商店,places,🏪,False,3,3,
1363,conversation,n.,對話,school,,False,3,3,
1364,corn,n.,玉米,food,🌽,True,3,3,
1365,cotton,n.,棉花,clothing,,False,3,3,
1366,cough,n.,咳嗽,health,,False,3,3,
1367,couple,n.,夫妻,people,,False,3,3,
1368,courage,n.,勇氣,nouns,,False,3,3,
1369,court,n.,法院,nouns,,False,3,3,
1370,cowboy,n.,牛仔,jobs,🤠,False,3,3,
1371,crab,n.,螃蟹,animals,🦀,True,3,3,
1372,crayon,n.,蠟筆,school,🖍️,False,3,3,
1373,cream,n.,奶油,food,,False,3,3,
1374,create,v.,創造,verbs,,False,3,3,
1375,credit card,n.,信用卡,money,💳,False,3,3,
1376,crime,n.,犯罪,nouns,,False,3,3,
1377,crowd,n.,人群,nouns,,False,3,3,
1378,crowded,adj.,擁擠的,adjectives,,False,3,3,
1379,cruel,adj.,殘忍的,traits,,False,3,3,
1380,culture,n.,文化,holidays,,False,3,3,
1381,cure,v.,治癒,health,,True,3,3,
1382,curious,adj.,好奇的,traits,,False,3,3,
1383,current,adj.,目前的,time,,False,3,3,
1384,curtain,n.,窗簾,house,,False,3,3,
1385,curve,n.,曲線,nouns,,False,3,3,
1386,custom,n.,習俗,holidays,,False,3,3,
1387,customer,n.,顧客,people,,False,3,3,
1388,daily,adj.,每天的,time,,False,3,3,
1389,damage,n.,損害,nouns,,False,3,3,
1390,danger,n.,危險,nouns,,False,3,3,
1391,dawn,n.,黎明,time,🌅,True,3,3,
1392,deaf,adj.,聾的,traits,,True,3,3,
1393,debate,n.,辯論,nouns,,False,3,3,
1394,decision,n.,決定,nouns,,False,3,3,
1395,decorate,v.,裝飾,house,,False,3,3,
1396,decrease,v.,減少,verbs,,False,3,3,
1397,deer,n.,鹿,animals,🦌,True,3,3,
1398,degree,n.,度數,weather,,False,3,3,
1399,deliver,v.,遞送,verbs,,False,3,3,
1400,department,n.,部門,nouns,,False,3,3,
1401,depend,v.,依靠,verbs,,False,3,3,
1402,describe,v.,描述,verbs,,False,3,3,
1403,desert,n.,沙漠,geography,🏜️,False,3,3,
1404,design,v.,設計,house,,False,3,3,
1405,desire,n.,渴望,nouns,,False,3,3,
1406,dessert,n.,甜點,food,🍰,False,3,3,
1407,detect,v.,偵測,verbs,,False,3,3,
1408,develop,v.,發展,verbs,,False,3,3,
1409,dial,v.,撥號,verbs,,False,3,3,
1410,diamond,n.,鑽石,clothing,💎,False,3,3,
1411,diary,n.,日記,school,,False,3,3,
1412,diet,n.,飲食,food,,True,3,3,
1413,difference,n.,差異,nouns,,False,3,3,
1414,difficulty,n.,困難,nouns,,False,3,3,
1415,diligent,adj.,勤勉的,traits,,False,3,3,
1416,diplomat,n.,外交官,jobs,,False,3,3,
1417,dinosaur,n.,恐龍,animals,🦕,False,3,3,
1418,direct,v.,指揮,verbs,,False,3,3,
1419,direction,n.,方向,nouns,🧭,False,3,3,
1420,disappear,v.,消失,verbs,,False,3,3,
1421,discover,v.,發現,verbs,,False,3,3,
1422,discuss,v.,討論,verbs,,False,3,3,
1423,discussion,n.,討論,nouns,,False,3,3,
1424,dishonest,adj.,不誠實的,traits,,False,3,3,
1425,distance,n.,距離,sizes,,False,3,3,
1426,distant,adj.,遙遠的,sizes,,False,3,3,
1427,divide,v.,分開,verbs,,False,3,3,
1428,dizzy,adj.,頭暈的,health,,False,3,3,
1429,dodge ball,n.,躲避球,sports,,False,3,3,
1430,dolphin,n.,海豚,animals,🐬,False,3,3,
1431,donkey,n.,驢子,animals,🫏,False,3,3,
1432,double,adj.,雙倍的,adjectives,,False,3,3,
1433,doubt,v.,懷疑,verbs,,False,3,3,
1434,doughnut,n.,甜甜圈,food,🍩,False,3,3,
1435,downstairs,adv.,在樓下,house,,False,3,3,
1436,downtown,n.,市中心,places,,False,3,3,
1437,dragon,n.,龍,animals,🐉,False,3,3,
1438,drama,n.,戲劇,sports,🎭,False,3,3,
1439,dresser,n.,梳妝台,house,,False,3,3,
1440,drugstore,n.,藥局,places,,False,3,3,
1441,dryer,n.,烘乾機,house,,False,3,3,
1442,dumb,adj.,笨的,traits,,True,3,3,
1443,dumpling,n.,水餃,food,🥟,False,3,3,
1444,duty,n.,責任,nouns,,True,3,3,
1445,eagle,n.,老鷹,animals,🦅,False,3,3,
1446,earn,v.,賺,money,,True,3,3,
1447,earrings,n.,耳環,clothing,,False,3,3,
1448,ease,v.,減輕,verbs,,False,3,3,
1449,edge,n.,邊緣,nouns,,True,3,3,
1450,education,n.,教育,nouns,,False,3,3,
1451,effort,n.,努力,nouns,,False,3,3,
1452,elder,adj.,年長的,family,,False,3,3,
1453,elect,v.,選舉,verbs,,False,3,3,
1454,electric,adj.,電的,adjectives,,False,3,3,
1455,embarrass,v.,使尷尬,verbs,,False,3,3,
1456,emotion,n.,情緒,nouns,,False,3,3,
1457,emphasize,v.,強調,verbs,,False,3,3,
1458,employ,v.,僱用,jobs,,False,3,3,
1459,empty,adj.,空的,adjectives,,False,3,3,
1460,enemy,n.,敵人,nouns,,False,3,3,
1461,energetic,adj.,精力充沛的,traits,,False,3,3,
1462,energy,n.,能量,nouns,,False,3,3,
1463,engine,n.,引擎,nouns,,False,3,3,
1464,entrance,n.,入口,nouns,,False,3,3,
1465,environment,n.,環境,geography,,False,3,3,
1466,envy,v.,羨慕,verbs,,True,3,3,
1467,equal,adj.,相等的,adjectives,,False,3,3,
1468,especially,adv.,尤其,adverbs,,False,3,3,
1469,event,n.,事件,nouns,,False,3,3,
1470,everywhere,adv.,到處,adverbs,,False,3,3,
1471,evil,adj.,邪惡的,traits,,True,3,3,
1472,exam,n.,考試,school,,True,3,3,
1473,excite,v.,使興奮,verbs,,False,3,3,
1474,exist,v.,存在,verbs,,False,3,3,
1475,exit,n.,出口,nouns,,True,3,3,
1476,express,v.,表達,verbs,,False,3,3,
1477,extra,adj.,額外的,sizes,,False,3,3,
1478,fair,adj.,公平的,adjectives,,True,3,3,
1479,false,adj.,假的,adjectives,,False,3,3,
1480,fancy,adj.,花俏的,adjectives,,False,3,3,
1481,fantastic,adj.,極好的,adjectives,,False,3,3,
1482,fashionable,adj.,時髦的,adjectives,,False,3,3,
1483,faucet,n.,水龍頭,house,,False,3,3,
1484,fault,n.,過錯,nouns,,False,3,3,
1485,fear,n.,恐懼,nouns,,True,3,3,
1486,fee,n.,費用,nouns,,True,3,3,
1487,feeling,n.,感覺,nouns,,False,3,3,
1488,female,n.,女性,people,,False,3,3,
1489,fence,n.,籬笆,house,,False,3,3,
1490,film,n.,電影,sports,🎬,True,3,3,
1491,final,n.,期末考,school,,False,3,3,
1492,fit,v.,合身,verbs,,True,3,3,
1493,flag,n.,旗子,nouns,🚩,True,3,3,
1494,flashlight,n.,手電筒,house,🔦,False,3,3,
1495,flat tire,n.,爆胎,transportation,,False,3,3,
1496,flight,n.,班機,nouns,,False,3,3,
1497,flour,n.,麵粉,food,,False,3,3,
1498,flu,n.,流感,health,,True,3,3,
1499,flute,n.,長笛,sports,🪈,False,3,3,
1500,focus,v.,專注,verbs,,False,3,3,
1501,fog,n.,霧,weather,🌫️,True,3,3,
1502,foggy,adj.,多霧的,weather,,False,3,3,
1503,foolish,adj.,愚蠢的,traits,,False,3,3,
1504,football,n.,美式足球,sports,🏈,False,3,3,
1505,forest,n.,森林,geography,🌲,False,3,3,
1506,forgive,v.,原諒,verbs,,False,3,3,
1507,form,v.,形成,verbs,,True,3,3,
1508,formal,adj.,正式的,adjectives,,False,3,3,
1509,former,adj.,以前的,adjectives,,False,3,3,
1510,forward,adv.,向前,places,,False,3,3,
1511,frank,adj.,坦白的,traits,,False,3,3,
1512,freedom,n.,自由,nouns,,False,3,3,
1513,freezer,n.,冷凍庫,house,,False,3,3,
1514,freezing,adj.,極冷的,weather,,False,3,3,
1515,friendship,n.,友誼,nouns,,False,3,3,
1516,frighten,v.,使害怕,verbs,,False,3,3,
1517,frisbee,n.,飛盤,sports,🥏,False,3,3,
1518,furniture,n.,家具,house,,False,3,3,
1519,gain,v.,獲得,verbs,,True,3,3,
1520,garage,n.,車庫,house,,False,3,3,
1521,gather,v.,聚集,verbs,,False,3,3,
1522,general,adj.,一般的,adjectives,,False,3,3,
1523,generous,adj.,慷慨的,traits,,False,3,3,
1524,genius,n.,天才,people,,False,3,3,
1525,gentle,adj.,溫柔的,traits,,False,3,3,
1526,gentleman,n.,紳士,people,,False,3,3,
1527,geography,n.,地理,school,,False,3,3,
1528,gesture,n.,手勢,nouns,,False,3,3,
1529,goal,n.,目標,nouns,,True,3,3,
1530,gold,n.,黃金,clothing,,True,3,3,
1531,golden,adj.,金色的,colors,,False,3,3,
1532,golf,n.,高爾夫球,sports,⛳,True,3,3,
1533,goodness,n.,善良,nouns,,False,3,3,
1534,government,n.,政府,nouns,,False,3,3,
1535,granddaughter,n.,孫女,family,,False,3,3,
1536,grandson,n.,孫子,family,,False,3,3,
1537,greedy,adj.,貪心的,traits,,False,3,3,
1538,greet,v.,問候,verbs,,False,3,3,
1539,guard,n.,警衛,school,,False,3,3,
1540,guest,n.,客人,people,,False,3,3,
1541,guide,n.,導遊,jobs,,False,3,3,
1542,gun,n.,槍,nouns,,True,3,3,
1543,hair dresser,n.,美髮師,jobs,,False,3,3,
1544,haircut,n.,剪頭髮,nouns,,False,3,3,
1545,hall,n.,大廳,house,,True,3,3,
1546,hammer,n.,鐵鎚,house,🔨,False,3,3,
1547,handkerchief,n.,手帕,clothing,,False,3,3,
1548,handle,v.,處理,verbs,,False,3,3,
1549,hanger,n.,衣架,house,,False,3,3,
1550,hardly,adv.,幾乎不,adverbs,,False,3,3,
1551,heater,n.,暖氣機,house,,False,3,3,
1552,helicopter,n.,直升機,transportation,🚁,False,3,3,
1553,hero,n.,英雄,people,🦸,True,3,3,
1554,highway,n.,高速公路,transportation,🛣️,False,3,3,
1555,hip,n.,臀部,body,,False,3,3,
1556,hippo,n.,河馬,animals,🦛,False,3,3,
1557,hire,v.,聘請,jobs,,True,3,3,
1558,hole,n.,洞,clothing,🕳️,True,3,3,
1559,homesick,adj.,想家的,adjectives,,False,3,3,
1560,honesty,n.,誠實,nouns,,False,3,3,
1561,hop,v.,單腳跳,verbs,,True,3,3,
1562,horrible,adj.,可怕的,adjectives,,False,3,3,
1563,host,n.,主人,people,,True,3,3,
1564,housework,n.,家事,house,,False,3,3,
1565,hug,v.,擁抱,verbs,🫂,True,3,3,
1566,human,n.,人類,nouns,,False,3,3,
1567,humble,adj.,謙虛的,traits,,False,3,3,
1568,humid,adj.,潮濕的,weather,,False,3,3,
1569,humor,n.,幽默,nouns,,False,3,3,
1570,humorous,adj.,幽默的,traits,,False,3,3,
1571,hunger,n.,飢餓,nouns,,False,3,3,
1572,hunter,n.,獵人,jobs,,False,3,3,
1573,ignore,v.,忽視,verbs,,False,3,3,
1574,ill,adj.,生病的,health,,True,3,3,
1575,imagine,v.,想像,verbs,,False,3,3,
1576,impolite,adj.,沒禮貌的,traits,,False,3,3,
1577,importance,n.,重要性,nouns,,False,3,3,
1578,impossible,adj.,不可能的,adjectives,,False,3,3,
1579,improve,v.,改善,verbs,,False,3,3,
1580,include,v.,包括,verbs,,False,3,3,
1581,income,n.,收入,nouns,,False,3,3,
1582,increase,v.,增加,verbs,,False,3,3,
1583,independent,adj.,獨立的,adjectives,,False,3,3,
1584,indicate,v.,指出,verbs,,False,3,3,
1585,influence,n.,影響,nouns,,False,3,3,
1586,information,n.,資訊,nouns,,False,3,3,
1587,ink,n.,墨水,school,,True,3,3,
1588,insist,v.,堅持,verbs,,False,3,3,
1589,inspire,v.,鼓舞,verbs,,False,3,3,
1590,instant,adj.,立即的,adjectives,,False,3,3,
1591,instrument,n.,樂器,sports,,False,3,3,
1592,intelligent,adj.,聰明的,traits,,False,3,3,
1593,international,adj.,國際的,places,,False,3,3,
1594,interrupt,v.,打斷,verbs,,False,3,3,
1595,introduce,v.,介紹,verbs,,False,3,3,
1596,invent,v.,發明,verbs,,False,3,3,
1597,invitation,n.,邀請函,nouns,,False,3,3,
1598,iron,n.,熨斗,clothing,,True,3,3,
1599,jam,n.,果醬,food,,True,3,3,
1600,jazz,n.,爵士樂,sports,🎷,True,3,3,
1601,jealous,adj.,嫉妒的,traits,,False,3,3,
1602,jeep,n.,吉普車,transportation,🚙,True,3,3,
1603,journalist,n.,記者,jobs,,False,3,3,
1604,judge,n.,法官,jobs,,False,3,3,
1605,kangaroo,n.,袋鼠,animals,🦘,False,3,3,
1606,ketchup,n.,番茄醬,food,,False,3,3,
1607,kilometer,n.,公里,sizes,,False,3,3,
1608,kindergarten,n.,幼稚園,school,,False,3,3,
1609,kingdom,n.,王國,nouns,,False,3,3,
1610,kitten,n.,小貓,animals,🐱,False,3,3,
1611,koala,n.,無尾熊,animals,🐨,False,3,3,
1612,lack,n.,缺乏,nouns,,True,3,3,
1613,lady,n.,女士,people,,True,3,3,
1614,lamb,n.,小羊,animals,🐑,True,3,3,
1615,lantern,n.,燈籠,holidays,🏮,False,3,3,
1616,latest,adj.,最新的,adjectives,,False,3,3,
1617,latter,adj.,後者的,adjectives,,False,3,3,
1618,law,n.,法律,school,,True,3,3,
1619,lay,v.,放置,verbs,,False,3,3,
1620,leaf,n.,葉子,nouns,🍃,True,3,3,
1621,lettuce,n.,萵苣,food,🥬,False,3,3,
1622,lick,v.,舔,verbs,,False,3,3,
1623,lid,n.,蓋子,nouns,,False,3,3,
1624,lift,v.,舉起,verbs,,True,3,3,
1625,lightning,n.,閃電,weather,⚡,False,3,3,
1626,likely,adj.,可能的,adjectives,,False,3,3,
1627,limit,v.,限制,verbs,,False,3,3,
1628,link,n.,連結,nouns,🔗,True,3,3,
1629,liquid,n.,液體,food,,False,3,3,
1630,liter,n.,公升,sizes,,False,3,3,
1631,loaf,n.,一條麵包,sizes,🍞,False,3,3,
1632,local,adj.,當地的,places,,False,3,3,
1633,lock,v.,鎖上,verbs,🔒,True,3,3,
1634,locker,n.,置物櫃,nouns,,False,3,3,
1635,loser,n.,輸家,sports,,False,3,3,
1636,ma'am,n.,夫人,people,,False,3,3,
1637,magazine,n.,雜誌,school,,False,3,3,
1638,magician,n.,魔術師,jobs,,False,3,3,
1639,major,adj.,主要的,adjectives,,False,3,3,
1640,male,n.,男性,people,,True,3,3,
1641,mall,n.,購物中心,places,,True,3,3,
1642,manager,n.,經理,jobs,,False,3,3,
1643,mango,n.,芒果,food,🥭,False,3,3,
1644,manner,n.,方式,nouns,,False,3,3,
1645,marry,v.,結婚,family,,False,3,3,
1646,marvelous,adj.,很棒的,adjectives,,False,3,3,
1647,mass,n.,大量,nouns,,False,3,3,
1648,master,n.,主人,people,,False,3,3,
1649,mat,n.,墊子,house,,True,3,3,
1650,match,v.,相配,verbs,,False,3,3,
1651,maximum,n.,最大量,sizes,,False,3,3,
1652,meaning,n.,意思,nouns,,False,3,3,
1653,measure,v.,測量,sizes,,False,3,3,
1654,mechanic,n.,技工,jobs,,False,3,3,
1655,memory,n.,回憶,holidays,,False,3,3,
1656,men's room,n.,男廁,places,🚹,False,3,3,
1657,message,n.,訊息,nouns,,False,3,3,
1658,metal,n.,金屬,nouns,,False,3,3,
1659,meter,n.,公尺,sizes,,False,3,3,
1660,method,n.,方法,nouns,,False,3,3,
1661,microwave,n.,微波爐,house,,False,3,3,
1662,midnight,n.,午夜,time,🕛,False,3,3,
1663,minor,adj.,次要的,adjectives,,False,3,3,
1664,minus,prep.,減,sizes,➖,False,3,3,
1665,mirror,n.,鏡子,house,🪞,False,3,3,
1666,mix,v.,混合,verbs,,True,3,3,
1667,model,n.,模特兒,jobs,,False,3,3,
1668,monster,n.,怪物,animals,,False,3,3,
1669,mosquito,n.,蚊子,animals,🦟,False,3,3,
1670,motion,n.,動作,nouns,,False,3,3,
1671,movement,n.,移動,nouns,,False,3,3,
1672,MRT,n.,捷運,transportation,🚇,False,3,3,
1673,musician,n.,音樂家,jobs,,False,3,3,
1674,napkin,n.,餐巾,tableware,,False,3,3,
1675,narrow,adj.,窄的,sizes,,False,3,3,
1676,nation,n.,國家,countries,,False,3,3,
1677,natural,adj.,自然的,weather,,False,3,3,
1678,naughty,adj.,頑皮的,traits,,False,3,3,
1679,nearly,adv.,幾乎,adverbs,,False,3,3,
1680,necessary,adj.,必要的,adjectives,,False,3,3,
1681,necklace,n.,項鍊,clothing,,False,3,3,
1682,needle,n.,針,house,🪡,False,3,3,
1683,negative,adj.,負面的,adjectives,,False,3,3,
1684,neither,adv.,兩者都不,adverbs,,False,3,3,
1685,nephew,n.,姪子,family,,False,3,3,
1686,nervous,adj.,緊張的,traits,,False,3,3,
1687,nest,n.,鳥巢,nouns,🪺,True,3,3,
1688,net,n.,網子,nouns,,True,3,3,
1689,nice-looking,adj.,好看的,traits,,False,3,3,
1690,niece,n.,姪女,family,,False,3,3,
1691,nod,v.,點頭,verbs,,True,3,3,
1692,none,pron.,一個也沒有,pronouns,,False,3,3,
1693,nor,conj.,也不,adverbs,,False,3,3,
1694,novel,n.,小說,sports,,False,3,3,
1695,nut,n.,堅果,food,🥜,True,3,3,
1696,obey,v.,服從,verbs,,True,3,3,
1697,object,n.,物體,nouns,,False,3,3,
1698,ocean,n.,海洋,geography,🌊,False,3,3,
1699,offer,v.,提出,verbs,,False,3,3,
1700,omit,v.,省略,verbs,,False,3,3,
1701,oneself,pron.,自己,pronouns,,False,3,3,
1702,onion,n.,洋蔥,food,🧅,False,3,3,
1703,operation,n.,手術,nouns,,False,3,3,
1704,opinion,n.,意見,nouns,,False,3,3,
1705,ordinary,adj.,普通的,adjectives,,False,3,3,
1706,oven,n.,烤箱,house,,True,3,3,
1707,overpass,n.,天橋,transportation,,False,3,3,
1708,overseas,adj.,海外的,adjectives,,False,3,3,
1709,over-weight,adj.,過重的,traits,,False,3,3,
1710,owner,n.,擁有者,jobs,,False,3,3,
1711,ox,n.,公牛,animals,🐂,False,3,3,
1712,pain,n.,疼痛,health,,True,3,3,
1713,painful,adj.,痛的,health,,False,3,3,
1714,painter,n.,畫家,jobs,,False,3,3,
1715,pajamas,n.,睡衣,clothing,,False,3,3,
1716,pale,adj.,蒼白的,health,,True,3,3,
1717,pan,n.,平底鍋,house,🍳,True,3,3,
1718,panda,n.,貓熊,animals,🐼,False,3,3,
1719,pardon,v.,原諒,verbs,,False,3,3,
1720,parking lot,n.,停車場,transportation,🅿️,False,3,3,
1721,parrot,n.,鸚鵡,animals,🦜,False,3,3,
1722,partner,n.,夥伴,people,,False,3,3,
1723,passenger,n.,乘客,transportation,,False,3,3,
1724,path,n.,小路,transportation,,True,3,3,
1725,patient,adj.,有耐心的,traits,,False,3,3,
1726,pattern,n.,圖案,nouns,,False,3,3,
1727,pause,v.,暫停,verbs,⏸️,False,3,3,
1728,peace,n.,和平,nouns,,False,3,3,
1729,peaceful,adj.,和平的,adjectives,,False,3,3,
1730,pepper,n.,胡椒,food,,False,3,3,
1731,perfect,adj.,完美的,adjectives,,False,3,3,
1732,period,n.,時期,nouns,,False,3,3,
1733,personal,adj.,個人的,adjectives,,False,3,3,
1734,physics,n.,物理,school,,False,3,3,
1735,pigeon,n.,鴿子,animals,,False,3,3,
1736,pile,n.,一堆,nouns,,False,3,3,
1737,pillow,n.,枕頭,house,,False,3,3,
1738,pineapple,n.,鳳梨,food,🍍,False,3,3,
1739,plain,n.,平原,geography,,False,3,3,
1740,platform,n.,月台,transportation,,False,3,3,
1741,pleasant,adj.,愉快的,adjectives,,False,3,3,
1742,pleased,adj.,高興的,adjectives,,False,3,3,
1743,plus,prep.,加,sizes,➕,False,3,3,
1744,poem,n.,詩,school,,True,3,3,
1745,poison,n.,毒藥,nouns,☠️,False,3,3,
1746,pollute,v.,污染,verbs,,False,3,3,
1747,pollution,n.,污染,nouns,,False,3,3,
1748,pop music,n.,流行音樂,sports,,False,3,3,
1749,population,n.,人口,nouns,,False,3,3,
1750,position,n.,位置,places,,False,3,3,
1751,positive,adj.,正面的,adjectives,,False,3,3,
1752,potato,n.,馬鈴薯,food,🥔,False,3,3,
1753,powder,n.,粉末,nouns,,False,3,3,
1754,praise,v.,稱讚,verbs,,False,3,3,
1755,precious,adj.,珍貴的,adjectives,,False,3,3,
1756,president,n.,總統,jobs,,False,3,3,
1757,pressure,n.,壓力,nouns,,False,3,3,
1758,priest,n.,神父,jobs,,False,3,3,
1759,primary,adj.,初級的,adjectives,,False,3,3,
1760,prince,n.,王子,people,🤴,False,3,3,
1761,princess,n.,公主,people,👸,False,3,3,
1762,principal,n.,校長,school,,False,3,3,
1763,principle,n.,原則,nouns,,False,3,3,
1764,print,v.,列印,verbs,,False,3,3,
1765,printer,n.,印表機,house,🖨️,False,3,3,
1766,private,adj.,私人的,adjectives,,False,3,3,
1767,produce,v.,生產,verbs,,False,3,3,
1768,production,n.,產量,nouns,,False,3,3,
1769,professor,n.,教授,jobs,,False,3,3,
1770,progress,n.,進步,nouns,,False,3,3,
1771,project,n.,計畫,nouns,,False,3,3,
1772,promise,v.,答應,verbs,,False,3,3,
1773,pronounce,v.,發音,school,,False,3,3,
1774,protect,v.,保護,verbs,,False,3,3,
1775,provide,v.,提供,verbs,,False,3,3,
1776,pump,v.,打氣,verbs,,True,3,3,
1777,punish,v.,處罰,school,,False,3,3,
1778,purpose,n.,目的,nouns,,False,3,3,
1779,purse,n.,錢包,clothing,👛,False,3,3,
1780,puzzle,n.,拼圖,sports,🧩,False,3,3,
1781,quit,v.,放棄,verbs,,True,3,3,
1782,railroad,n.,鐵路,transportation,🛤️,False,3,3,
1783,railway,n.,鐵道,transportation,,False,3,3,
1784,raincoat,n.,雨衣,clothing,,False,3,3,
1785,rare,adj.,稀有的,adjectives,,True,3,3,
1786,rather,adv.,相當,adverbs,,False,3,3,
1787,realize,v.,了解,verbs,,False,3,3,
1788,receive,v.,收到,verbs,,False,3,3,
1789,record,n.,紀錄,school,,False,3,3,
1790,recover,v.,康復,health,,False,3,3,
1791,rectangle,n.,長方形,sizes,,False,3,3,
1792,recycle,v.,回收,verbs,♻️,False,3,3,
1793,refuse,v.,拒絕,verbs,,False,3,3,
1794,regret,v.,後悔,verbs,,False,3,3,
1795,regular,adj.,規律的,adjectives,,False,3,3,
1796,reject,v.,否決,verbs,,False,3,3,
1797,remind,v.,提醒,verbs,,False,3,3,
1798,rent,v.,租,verbs,,True,3,3,
1799,repair,v.,修理,house,,False,3,3,
1800,respect,v.,尊敬,verbs,,False,3,3,
1801,responsible,adj.,負責的,adjectives,,False,3,3,
1802,result,n.,結果,nouns,,False,3,3,
1803,return,v.,歸還,verbs,,False,3,3,
1804,review,v.,複習,school,,False,3,3,
1805,revise,v.,修改,verbs,,False,3,3,
1806,rob,v.,搶劫,verbs,,False,3,3,
1807,role,n.,角色,nouns,,True,3,3,
1808,roller skate,n.,直排輪,sports,🛼,False,3,3,roller blade
1809,roof,n.,屋頂,house,,True,3,3,
1810,rub,v.,摩擦,verbs,,False,3,3,
1811,rubber,n.,橡膠,nouns,,False,3,3,
1812,rude,adj.,無禮的,traits,,True,3,3,
1813,ruin,v.,毀壞,verbs,,True,3,3,
1814,rush,v.,衝,verbs,,True,3,3,
1815,safety,n.,安全,nouns,,False,3,3,
1816,sailor,n.,水手,jobs,,False,3,3,
1817,sample,n.,樣品,nouns,,False,3,3,
1818,sand,n.,沙子,nouns,,True,3,3,
1819,satisfy,v.,使滿意,verbs,,False,3,3,
1820,saucer,n.,茶碟,tableware,,False,3,3,
1821,scarf,n.,圍巾,clothing,🧣,False,3,3,
1822,scene,n.,場景,nouns,,False,3,3,
1823,scenery,n.,風景,nouns,,False,3,3,
1824,scientist,n.,科學家,jobs,,False,3,3,
1825,score,n.,分數,school,,False,3,3,
1826,seafood,n.,海鮮,food,,False,3,3,
1827,search,v.,搜尋,verbs,,False,3,3,
1828,secondary,adj.,中等的,adjectives,,False,3,3,
1829,secret,n.,祕密,nouns,,False,3,3,
1830,section,n.,部分,nouns,,False,3,3,
1831,seek,v.,尋找,verbs,,True,3,3,
1832,seem,v.,似乎,verbs,,True,3,3,
1833,select,v.,挑選,verbs,,False,3,3,
1834,selfish,adj.,自私的,traits,,False,3,3,
1835,semester,n.,學期,school,,False,3,3,
1836,sense,n.,感覺,nouns,,False,3,3,
1837,servant,n.,僕人,jobs,,False,3,3,
1838,serve,v.,服務,verbs,,False,3,3,
1839,shall,aux.,將,auxiliaries,,False,3,3,
1840,shark,n.,鯊魚,animals,🦈,False,3,3,
1841,sheet,n.,床單,house,,False,3,3,
1842,shelf,n.,架子,house,,False,3,3,
1843,shoot,v.,射擊,verbs,,False,3,3,
1844,shore,n.,岸邊,nouns,,False,3,3,
1845,shrimp,n.,蝦子,food,🦐,False,3,3,
1846,shut,v.,關上,verbs,,True,3,3,
1847,silence,n.,寂靜,nouns,,False,3,3,
1848,silent,adj.,沉默的,adjectives,,False,3,3,
1849,silly,adj.,愚蠢的,traits,,False,3,3,
1850,silver,n.,銀色,clothing,,False,3,3,
1851,similar,adj.,相似的,adjectives,,False,3,3,
1852,sincere,adj.,真誠的,traits,,False,3,3,
1853,single,adj.,單一的,adjectives,,False,3,3,
1854,sink,n.,水槽,house,,True,3,3,
1855,skate,v.,溜冰,sports,⛸️,False,3,3,
1856,ski,v.,滑雪,sports,🎿,True,3,3,
1857,skill,n.,技能,nouns,,False,3,3,
1858,skillful,adj.,熟練的,adjectives,,False,3,3,
1859,skin,n.,皮膚,body,,True,3,3,
1860,skinny,adj.,很瘦的,traits,,False,3,3,
1861,sleepy,adj.,想睡的,adjectives,,False,3,3,
1862,slender,adj.,苗條的,traits,,False,3,3,
1863,slice,n.,一片,food,,False,3,3,
1864,slippers,n.,拖鞋,clothing,,False,3,3,
1865,snail,n.,蝸牛,animals,🐌,False,3,3,
1866,sneakers,n.,運動鞋,clothing,👟,False,3,3,
1867,sneaky,adj.,狡猾的,traits,,False,3,3,
1868,snowman,n.,雪人,weather,⛄,False,3,3,
1869,soap,n.,肥皂,house,🧼,True,3,3,
1870,social,adj.,社會的,adjectives,,False,3,3,
1871,society,n.,社會,nouns,,False,3,3,
1872,soda,n.,汽水,food,🥤,True,3,3,
1873,soft drink,n.,清涼飲料,food,,False,3,3,
1874,softball,n.,壘球,sports,🥎,False,3,3,
1875,solve,v.,解決,verbs,,False,3,3,
1876,soul,n.,靈魂,nouns,,False,3,3,
1877,sour,adj.,酸的,food,,True,3,3,
1878,soy sauce,n.,醬油,food,,False,3,3,
1879,spaghetti,n.,義大利麵,food,🍝,False,3,3,
1880,speaker,n.,喇叭,house,🔊,False,3,3,
1881,speech,n.,演講,nouns,,False,3,3,
1882,speed,n.,速度,nouns,,False,3,3,
1883,spirit,n.,精神,nouns,,False,3,3,
1884,spot,n.,斑點,clothing,,True,3,3,
1885,spread,v.,塗抹,food,,False,3,3,
1886,state,n.,州,nouns,,False,3,3,
1887,stationery,n.,文具,school,,False,3,3,
1888,steal,v.,偷,verbs,,False,3,3,
1889,steam,n.,蒸氣,nouns,,False,3,3,
1890,step,n.,腳步,nouns,,True,3,3,
1891,stingy,adj.,小氣的,traits,,False,3,3,
1892,stomachache,n.,胃痛,health,,False,3,3,
1893,stone,n.,石頭,nouns,🪨,False,3,3,
1894,storm,n.,暴風雨,weather,⛈️,False,3,3,
1895,stormy,adj.,暴風雨的,weather,,False,3,3,
1896,stove,n.,爐子,house,,False,3,3,
1897,straw,n.,吸管,tableware,,False,3,3,
1898,stream,n.,小溪,geography,,False,3,3,
1899,strike,v.,打擊,verbs,,False,3,3,
1900,style,n.,風格,nouns,,False,3,3,
1901,subway,n.,地鐵,transportation,🚇,False,3,3,
1902,succeed,v.,成功,verbs,,False,3,3,
1903,success,n.,成功,nouns,,False,3,3,
1904,such,adj.,這樣的,adjectives,,False,3,3,
1905,sudden,adj.,突然的,adjectives,,False,3,3,
1906,suggest,v.,建議,verbs,,False,3,3,
1907,suit,n.,西裝,clothing,,True,3,3,
1908,super,adj.,超棒的,adjectives,,False,3,3,
1909,supper,n.,晚餐,food,,False,3,3,
1910,support,v.,支持,verbs,,False,3,3,
1911,survive,v.,存活,verbs,,False,3,3,
1912,swallow,n.,燕子,animals,,False,3,3,
1913,swan,n.,天鵝,animals,🦢,True,3,3,
1914,sweep,v.,掃地,house,,False,3,3,
1915,swimsuit,n.,泳衣,clothing,🩱,False,3,3,
1916,symbol,n.,符號,nouns,,False,3,3,
1917,system,n.,系統,nouns,,False,3,3,
1918,table tennis,n.,桌球,sports,🏓,False,3,3,
1919,talent,n.,天分,nouns,,False,3,3,
1920,talkative,adj.,愛說話的,traits,,False,3,3,
1921,tangerine,n.,橘子,food,🍊,False,3,3,
1922,tank,n.,坦克,transportation,,True,3,3,
1923,teapot,n.,茶壺,house,🫖,False,3,3,
1924,tear,n.,眼淚,nouns,,True,3,3,
1925,temperature,n.,溫度,weather,🌡️,False,3,3,
1926,tent,n.,帳篷,sports,⛺,True,3,3,
1927,term,n.,學期,nouns,,False,3,3,
1928,terrific,adj.,極好的,adjectives,,False,3,3,
1929,textbook,n.,課本,school,,False,3,3,
1930,therefore,conj.,因此,conjunctions,,False,3,3,
1931,thief,n.,小偷,nouns,,False,3,3,
1932,thought,n.,想法,nouns,,False,3,3,
1933,thumb,n.,大拇指,body,,False,3,3,
1934,thunder,n.,雷,weather,,False,3,3,
1935,till,prep.,直到,prepositions,,False,3,3,
1936,tiny,adj.,極小的,sizes,,True,3,3,
1937,title,n.,標題,nouns,,False,3,3,
1938,tofu,n.,豆腐,food,,True,3,3,
1939,toilet,n.,馬桶,house,🚽,False,3,3,
1940,tongue,n.,舌頭,body,👅,False,3,3,
1941,toothache,n.,牙痛,health,,False,3,3,
1942,toothbrush,n.,牙刷,house,🪥,False,3,3,
1943,toward,prep.,朝向,prepositions,,False,3,3,
1944,tower,n.,塔,nouns,,False,3,3,
1945,trace,v.,追蹤,verbs,,False,3,3,
1946,trade,n.,貿易,nouns,,False,3,3,
1947,tradition,n.,傳統,nouns,,False,3,3,
1948,traditional,adj.,傳統的,adjectives,,False,3,3,
1949,trap,v.,困住,verbs,,True,3,3,
1950,travel,v.,旅行,sports,,False,3,3,
1951,treasure,n.,寶藏,nouns,,False,3,3,
1952,triangle,n.,三角形,sizes,🔺,False,3,3,
1953,trousers,n.,長褲,clothing,👖,False,3,3,
1954,trumpet,n.,小喇叭,sports,🎺,False,3,3,
1955,trust,v.,信任,verbs,,False,3,3,
1956,truth,n.,事實,nouns,,False,3,3,
1957,tub,n.,浴缸,house,🛁,False,3,3,
1958,tube,n.,管子,house,,True,3,3,
1959,tunnel,n.,隧道,nouns,,False,3,3,
1960,turkey,n.,火雞,animals,🦃,False,3,3,
1961,underline,v.,畫底線,school,,False,3,3,
1962,underpass,n.,地下道,transportation,,False,3,3,
1963,underwear,n.,內衣,clothing,,False,3,3,
1964,unique,adj.,獨特的,adjectives,,False,3,3,
1965,universe,n.,宇宙,nouns,,False,3,3,
1966,university,n.,大學,school,,False,3,3,
1967,upon,prep.,在…上面,prepositions,,False,3,3,
1968,upper,adj.,上面的,prepositions,,False,3,3,
1969,upstairs,adv.,在樓上,house,,False,3,3,
1970,usual,adj.,平常的,adjectives,,False,3,3,
1971,valley,n.,山谷,geography,,False,3,3,
1972,valuable,adj.,有價值的,adjectives,,False,3,3,
1973,value,n.,價值,nouns,,False,3,3,
1974,vendor,n.,小販,jobs,,False,3,3,
1975,vest,n.,背心,clothing,,True,3,3,
1976,victory,n.,勝利,nouns,,False,3,3,
1977,village,n.,村莊,places,,False,3,3,
1978,vinegar,n.,醋,food,,False,3,3,
1979,vocabulary,n.,字彙,school,,False,3,3,
1980,volleyball,n.,排球,sports,🏐,False,3,3,
1981,vote,v.,投票,verbs,,True,3,3,
1982,waist,n.,腰,body,,False,3,3,
1983,war,n.,戰爭,nouns,,True,3,3,
1984,waste,v.,浪費,verbs,,False,3,3,
1985,waterfalls,n.,瀑布,places,,False,3,3,
1986,wedding,n.,婚禮,nouns,💒,False,3,3,
1987,weekday,n.,平日,time,,False,3,3,
1988,weight,n.,重量,sizes,,False,3,3,
1989,whale,n.,鯨魚,animals,🐋,False,3,3,
1990,wheel,n.,輪子,transportation,🛞,False,3,3,
1991,whole,adj.,整個的,adjectives,,False,3,3,
1992,wild,adj.,野生的,adjectives,,True,3,3,
1993,wing,n.,翅膀,animals,🪽,True,3,3,
1994,winner,n.,贏家,sports,🏆,False,3,3,
1995,wok,n.,炒菜鍋,house,,False,3,3,
1996,wolf,n.,狼,animals,🐺,True,3,3,
1997,women's room,n.,女廁,places,🚺,False,3,3,
1998,wood,n.,木頭,nouns,🪵,True,3,3,
1999,woods,n.,樹林,geography,🌳,False,3,3,
2000,worm,n.,蟲,animals,🪱,True,3,3,
2001,wound,n.,傷口,health,,False,3,3,
2002,wrist,n.,手腕,body,,False,3,3,
2003,yell,v.,大叫,verbs,,True,3,3,
2004,youth,n.,青年,people,,False,3,3,
